customer_id,purchase_frequency,avg_order_value,browsing_time_minutes,session_count,discount_usage_rate,cart_abandonment_rate,days_since_last_purchase,preferred_device,preferred_category,true_segment,cluster,cluster_label
CUST00001,8.3,19.98,29.3,19,0.818,0.487,11.3,mobile,fashion,discount_driven,1,High-Value Customer
CUST00002,12.3,104.88,17.8,16,0.11,0.092,6.4,mobile,electronics,high_value,0,Frequent Buyer
CUST00003,17.3,46.02,28.3,20,0.072,0.184,3.1,tablet,grocery,frequent_buyer,2,Discount-Driven Shopper
CUST00004,21.1,50.45,37.1,22,0.154,0.18,4.0,mobile,electronics,frequent_buyer,2,Discount-Driven Shopper
CUST00005,1.5,22.4,43.2,10,0.157,0.809,44.4,desktop,electronics,occasional_browser,3,Occasional Browser
CUST00006,2.6,25.66,46.4,17,0.178,0.568,50.1,mobile,fashion,occasional_browser,3,Occasional Browser
CUST00007,6.0,20.77,28.2,16,0.699,0.305,17.9,mobile,electronics,discount_driven,1,High-Value Customer
CUST00008,1.8,36.16,46.8,14,0.384,0.558,35.6,desktop,grocery,occasional_browser,3,Occasional Browser
CUST00009,8.6,118.96,28.1,12,0.089,0.108,10.4,mobile,electronics,high_value,0,Frequent Buyer
CUST00010,16.6,43.87,17.7,20,0.215,0.095,4.7,desktop,beauty,frequent_buyer,2,Discount-Driven Shopper
CUST00011,1.5,27.16,21.5,10,0.196,0.754,33.3,desktop,grocery,occasional_browser,3,Occasional Browser
CUST00012,11.3,90.92,30.8,10,0.031,0.064,7.5,mobile,fashion,high_value,0,Frequent Buyer
CUST00013,1.6,30.19,33.5,15,0.374,0.839,42.6,mobile,grocery,occasional_browser,3,Occasional Browser
CUST00014,7.3,84.35,21.0,10,0.024,0.148,7.9,mobile,grocery,high_value,0,Frequent Buyer
CUST00015,18.9,44.59,24.3,15,0.186,0.109,4.8,tablet,home,frequent_buyer,2,Discount-Driven Shopper
CUST00016,11.5,143.5,22.2,13,0.072,0.082,7.1,mobile,beauty,high_value,0,Frequent Buyer
CUST00017,12.0,122.29,11.1,11,0.147,0.08,9.8,mobile,grocery,high_value,0,Frequent Buyer
CUST00018,2.6,31.68,48.8,16,0.19,0.827,67.9,tablet,grocery,occasional_browser,3,Occasional Browser
CUST00019,19.6,58.08,37.7,19,0.161,0.14,2.8,mobile,electronics,frequent_buyer,2,Discount-Driven Shopper
CUST00020,22.5,61.86,22.2,27,0.146,0.142,4.6,mobile,fashion,frequent_buyer,2,Discount-Driven Shopper
CUST00021,9.1,21.88,25.5,15,0.657,0.305,5.4,mobile,fashion,discount_driven,1,High-Value Customer
CUST00022,10.4,19.12,23.9,13,0.671,0.51,4.9,mobile,home,discount_driven,1,High-Value Customer
CUST00023,10.3,18.63,41.1,18,0.869,0.426,16.8,desktop,electronics,discount_driven,1,High-Value Customer
CUST00024,13.9,27.84,17.7,20,0.829,0.548,14.2,mobile,fashion,discount_driven,1,High-Value Customer
CUST00025,8.7,62.88,15.6,16,0.116,0.111,12.0,mobile,fashion,high_value,0,Frequent Buyer
CUST00026,21.8,37.96,24.1,16,0.131,0.139,2.8,desktop,grocery,frequent_buyer,2,Discount-Driven Shopper
CUST00027,10.5,102.16,13.6,9,0.129,0.051,12.2,mobile,electronics,high_value,0,Frequent Buyer
CUST00028,13.1,130.83,16.5,8,0.067,0.15,5.0,mobile,fashion,high_value,0,Frequent Buyer
CUST00029,9.2,20.58,24.1,10,0.733,0.451,14.5,desktop,grocery,discount_driven,1,High-Value Customer
CUST00030,5.7,147.37,17.2,19,0.005,0.198,13.9,mobile,electronics,high_value,0,Frequent Buyer
CUST00031,8.3,17.61,25.0,13,0.631,0.326,20.6,mobile,fashion,discount_driven,1,High-Value Customer
CUST00032,2.8,17.64,45.0,6,0.26,0.544,49.4,mobile,electronics,occasional_browser,3,Occasional Browser
CUST00033,10.1,123.01,16.0,13,0.11,0.073,9.4,tablet,fashion,high_value,0,Frequent Buyer
CUST00034,5.6,20.92,31.3,13,0.878,0.53,13.4,desktop,home,discount_driven,1,High-Value Customer
CUST00035,19.5,54.9,13.9,24,0.082,0.141,4.2,tablet,beauty,frequent_buyer,2,Discount-Driven Shopper
CUST00036,16.8,42.38,22.0,21,0.203,0.189,1.8,mobile,home,frequent_buyer,2,Discount-Driven Shopper
CUST00037,16.9,52.53,23.1,24,0.109,0.147,4.7,desktop,grocery,frequent_buyer,2,Discount-Driven Shopper
CUST00038,13.6,53.75,12.1,24,0.139,0.052,6.4,desktop,electronics,frequent_buyer,2,Discount-Driven Shopper
CUST00039,10.5,23.49,55.1,15,0.933,0.512,3.8,mobile,fashion,discount_driven,1,High-Value Customer
CUST00040,18.5,61.24,27.0,21,0.214,0.115,5.7,desktop,electronics,frequent_buyer,2,Discount-Driven Shopper
CUST00041,10.3,129.5,11.9,13,0.072,0.079,8.2,mobile,grocery,high_value,0,Frequent Buyer
CUST00042,14.7,45.58,29.6,17,0.194,0.11,3.2,tablet,beauty,frequent_buyer,2,Discount-Driven Shopper
CUST00043,7.9,121.58,19.6,15,0.028,0.094,5.3,tablet,fashion,high_value,0,Frequent Buyer
CUST00044,2.5,33.82,17.2,13,0.278,0.778,78.8,desktop,electronics,occasional_browser,3,Occasional Browser
CUST00045,9.5,18.73,32.5,21,0.689,0.376,15.5,desktop,beauty,discount_driven,1,High-Value Customer
CUST00046,19.4,39.32,27.6,15,0.097,0.18,2.6,mobile,fashion,frequent_buyer,2,Discount-Driven Shopper
CUST00047,16.4,35.62,20.8,17,0.178,0.089,2.2,mobile,fashion,frequent_buyer,2,Discount-Driven Shopper
CUST00048,18.5,61.72,30.5,13,0.195,0.052,0.0,mobile,beauty,frequent_buyer,2,Discount-Driven Shopper
CUST00049,0.4,38.37,41.7,13,0.179,0.726,20.5,mobile,fashion,occasional_browser,3,Occasional Browser
CUST00050,11.2,14.89,46.6,17,0.624,0.46,16.8,mobile,grocery,discount_driven,1,High-Value Customer
CUST00051,0.9,35.86,26.4,11,0.116,0.632,15.7,desktop,electronics,occasional_browser,3,Occasional Browser
CUST00052,1.4,30.88,43.8,10,0.223,0.648,52.8,desktop,electronics,occasional_browser,3,Occasional Browser
CUST00053,3.3,17.5,24.0,18,0.835,0.323,16.1,desktop,grocery,discount_driven,1,High-Value Customer
CUST00054,8.6,89.05,18.1,12,0.057,0.102,3.5,mobile,fashion,high_value,0,Frequent Buyer
CUST00055,1.4,36.51,44.5,10,0.272,0.698,45.4,mobile,fashion,occasional_browser,3,Occasional Browser
CUST00056,0.0,41.81,50.8,17,0.142,0.574,48.9,desktop,fashion,occasional_browser,3,Occasional Browser
CUST00057,20.1,46.2,20.7,31,0.113,0.141,2.2,tablet,beauty,frequent_buyer,2,Discount-Driven Shopper
CUST00058,2.9,23.6,43.5,15,0.17,0.528,0.0,desktop,electronics,occasional_browser,3,Occasional Browser
CUST00059,20.0,46.42,22.8,23,0.22,0.05,3.1,mobile,fashion,frequent_buyer,2,Discount-Driven Shopper
CUST00060,1.8,19.35,42.8,12,0.326,0.717,22.8,mobile,fashion,occasional_browser,3,Occasional Browser
CUST00061,1.3,36.84,45.5,9,0.285,0.722,34.0,mobile,electronics,occasional_browser,3,Occasional Browser
CUST00062,1.3,37.6,44.3,15,0.221,0.729,55.1,mobile,fashion,occasional_browser,3,Occasional Browser
CUST00063,0.7,29.4,44.2,12,0.175,0.547,65.5,desktop,grocery,occasional_browser,3,Occasional Browser
CUST00064,16.8,49.58,17.8,24,0.176,0.08,2.3,mobile,electronics,frequent_buyer,2,Discount-Driven Shopper
CUST00065,0.6,23.9,39.9,19,0.18,0.552,56.0,desktop,grocery,occasional_browser,3,Occasional Browser
CUST00066,0.8,27.54,50.3,13,0.383,0.783,34.0,mobile,fashion,occasional_browser,3,Occasional Browser
CUST00067,17.7,46.53,28.5,22,0.149,0.108,0.7,desktop,fashion,frequent_buyer,2,Discount-Driven Shopper
CUST00068,7.4,19.85,32.1,18,0.881,0.326,18.1,mobile,fashion,discount_driven,1,High-Value Customer
CUST00069,6.5,8.64,21.4,8,0.792,0.508,11.4,mobile,fashion,discount_driven,1,High-Value Customer
CUST00070,15.8,46.74,26.5,17,0.064,0.194,1.7,mobile,beauty,frequent_buyer,2,Discount-Driven Shopper
CUST00071,15.7,41.29,18.9,20,0.147,0.188,6.5,mobile,electronics,frequent_buyer,2,Discount-Driven Shopper
CUST00072,2.4,31.84,30.9,11,0.265,0.636,33.3,mobile,fashion,occasional_browser,3,Occasional Browser
CUST00073,2.2,34.1,36.8,12,0.398,0.735,56.2,mobile,fashion,occasional_browser,3,Occasional Browser
CUST00074,16.9,32.59,28.6,15,0.061,0.098,3.4,desktop,fashion,frequent_buyer,2,Discount-Driven Shopper
CUST00075,3.7,32.4,43.2,10,0.128,0.838,27.1,mobile,fashion,occasional_browser,3,Occasional Browser
CUST00076,9.9,140.09,22.3,11,0.023,0.064,7.7,desktop,beauty,high_value,0,Frequent Buyer
CUST00077,0.8,28.14,53.3,13,0.323,0.809,32.2,desktop,grocery,occasional_browser,3,Occasional Browser
CUST00078,1.4,38.8,31.4,13,0.306,0.631,62.8,mobile,fashion,occasional_browser,3,Occasional Browser
CUST00079,2.2,31.89,48.3,14,0.304,0.765,43.4,mobile,electronics,occasional_browser,3,Occasional Browser
CUST00080,3.2,42.51,27.5,10,0.141,0.732,55.1,mobile,electronics,occasional_browser,3,Occasional Browser
CUST00081,7.2,14.1,37.8,14,0.779,0.481,10.9,desktop,electronics,discount_driven,1,High-Value Customer
CUST00082,17.0,70.12,23.0,19,0.114,0.145,3.1,mobile,grocery,frequent_buyer,2,Discount-Driven Shopper
CUST00083,19.7,40.06,11.2,21,0.074,0.16,2.0,mobile,beauty,frequent_buyer,2,Discount-Driven Shopper
CUST00084,0.7,36.18,48.8,9,0.291,0.674,36.9,mobile,grocery,occasional_browser,3,Occasional Browser
CUST00085,2.3,18.99,47.2,17,0.276,0.744,36.2,mobile,fashion,occasional_browser,3,Occasional Browser
CUST00086,14.1,51.94,24.4,24,0.06,0.186,5.1,tablet,beauty,frequent_buyer,2,Discount-Driven Shopper
CUST00087,1.5,27.23,47.3,11,0.242,0.505,58.3,tablet,fashion,occasional_browser,3,Occasional Browser
CUST00088,1.3,39.28,37.6,10,0.356,0.516,37.7,desktop,grocery,occasional_browser,3,Occasional Browser
CUST00089,0.7,21.24,38.3,12,0.171,0.756,29.1,desktop,fashion,occasional_browser,3,Occasional Browser
CUST00090,2.1,33.9,45.6,12,0.394,0.551,80.3,desktop,electronics,occasional_browser,3,Occasional Browser
CUST00091,5.5,14.63,25.1,22,0.631,0.471,13.9,mobile,fashion,discount_driven,1,High-Value Customer
CUST00092,18.1,59.39,26.3,29,0.095,0.177,4.4,mobile,electronics,frequent_buyer,2,Discount-Driven Shopper
CUST00093,14.6,51.5,34.8,19,0.108,0.168,2.5,tablet,beauty,frequent_buyer,2,Discount-Driven Shopper
CUST00094,8.4,66.67,17.8,14,0.114,0.163,10.2,mobile,electronics,high_value,0,Frequent Buyer
CUST00095,6.1,22.3,42.7,17,0.795,0.438,10.0,mobile,fashion,discount_driven,1,High-Value Customer
CUST00096,1.3,25.85,52.1,5,0.128,0.654,29.4,mobile,electronics,occasional_browser,3,Occasional Browser
CUST00097,17.2,37.71,20.1,24,0.112,0.146,0.0,desktop,electronics,frequent_buyer,2,Discount-Driven Shopper
CUST00098,21.2,29.34,32.8,30,0.057,0.105,3.3,desktop,beauty,frequent_buyer,2,Discount-Driven Shopper
CUST00099,10.0,16.86,32.7,13,0.712,0.547,6.7,desktop,fashion,discount_driven,1,High-Value Customer
CUST00100,17.9,36.38,27.2,18,0.056,0.173,3.4,mobile,fashion,frequent_buyer,2,Discount-Driven Shopper
CUST00101,9.0,18.82,32.3,13,0.946,0.525,5.4,mobile,beauty,discount_driven,1,High-Value Customer
CUST00102,3.1,30.56,50.4,11,0.126,0.752,40.5,mobile,home,occasional_browser,3,Occasional Browser
CUST00103,6.4,23.04,20.9,23,0.802,0.485,14.1,mobile,electronics,discount_driven,1,High-Value Customer
CUST00104,8.8,17.55,32.4,11,0.829,0.548,14.5,mobile,electronics,discount_driven,1,High-Value Customer
CUST00105,2.9,35.23,34.0,8,0.121,0.767,10.0,tablet,electronics,occasional_browser,3,Occasional Browser
CUST00106,16.5,47.82,29.5,18,0.126,0.084,1.3,mobile,electronics,frequent_buyer,2,Discount-Driven Shopper
CUST00107,21.9,41.23,22.7,20,0.134,0.054,3.8,desktop,home,frequent_buyer,2,Discount-Driven Shopper
CUST00108,9.8,25.02,46.5,17,0.822,0.412,23.2,mobile,electronics,discount_driven,1,High-Value Customer
CUST00109,17.6,42.81,25.5,18,0.107,0.174,4.0,mobile,beauty,frequent_buyer,2,Discount-Driven Shopper
CUST00110,3.5,27.14,47.9,14,0.351,0.6,78.8,mobile,fashion,occasional_browser,3,Occasional Browser
CUST00111,2.4,41.15,27.7,14,0.166,0.671,47.7,mobile,beauty,occasional_browser,3,Occasional Browser
CUST00112,13.4,91.99,17.5,11,0.026,0.192,5.6,mobile,beauty,high_value,0,Frequent Buyer
CUST00113,3.4,38.87,36.4,10,0.336,0.84,31.6,mobile,home,occasional_browser,3,Occasional Browser
CUST00114,15.2,38.76,15.7,20,0.231,0.086,2.3,mobile,fashion,frequent_buyer,2,Discount-Driven Shopper
CUST00115,24.9,39.93,9.9,14,0.145,0.139,4.7,mobile,beauty,frequent_buyer,2,Discount-Driven Shopper
CUST00116,18.4,40.15,29.7,10,0.094,0.11,0.8,mobile,fashion,frequent_buyer,2,Discount-Driven Shopper
CUST00117,1.4,36.83,41.3,16,0.364,0.701,44.0,tablet,electronics,occasional_browser,3,Occasional Browser
CUST00118,16.2,59.81,20.7,21,0.102,0.151,4.2,mobile,grocery,frequent_buyer,2,Discount-Driven Shopper
CUST00119,20.4,50.35,29.9,15,0.21,0.149,3.3,mobile,home,frequent_buyer,2,Discount-Driven Shopper
CUST00120,6.4,11.63,22.8,13,0.826,0.462,19.5,desktop,grocery,discount_driven,1,High-Value Customer
CUST00121,5.7,20.03,33.6,11,0.859,0.432,14.8,mobile,fashion,discount_driven,1,High-Value Customer
CUST00122,11.8,115.35,14.2,13,0.123,0.06,2.5,mobile,beauty,high_value,0,Frequent Buyer
CUST00123,8.5,115.8,23.6,14,0.089,0.084,4.2,desktop,beauty,high_value,0,Frequent Buyer
CUST00124,11.5,44.22,22.9,26,0.083,0.147,7.6,mobile,beauty,frequent_buyer,2,Discount-Driven Shopper
CUST00125,17.5,49.31,10.9,21,0.051,0.108,3.7,mobile,beauty,frequent_buyer,2,Discount-Driven Shopper
CUST00126,10.7,26.11,30.9,21,0.637,0.342,22.2,tablet,electronics,discount_driven,1,High-Value Customer
CUST00127,10.1,130.45,9.2,10,0.047,0.072,3.7,desktop,fashion,high_value,0,Frequent Buyer
CUST00128,2.0,26.2,17.1,12,0.264,0.531,44.8,desktop,electronics,occasional_browser,3,Occasional Browser
CUST00129,13.3,10.97,25.9,12,0.893,0.389,14.7,mobile,fashion,discount_driven,1,High-Value Customer
CUST00130,2.8,21.08,47.5,13,0.15,0.704,63.9,tablet,electronics,occasional_browser,3,Occasional Browser
CUST00131,7.0,22.82,35.7,18,0.705,0.381,11.1,desktop,electronics,discount_driven,1,High-Value Customer
CUST00132,22.3,49.55,29.6,27,0.121,0.119,5.3,mobile,grocery,frequent_buyer,2,Discount-Driven Shopper
CUST00133,6.6,20.38,27.1,23,0.612,0.542,12.1,mobile,beauty,discount_driven,1,High-Value Customer
CUST00134,11.3,71.88,17.6,24,0.084,0.116,3.3,desktop,home,high_value,2,Discount-Driven Shopper
CUST00135,3.4,23.35,38.9,15,0.233,0.711,64.2,mobile,home,occasional_browser,3,Occasional Browser
CUST00136,19.1,31.15,30.8,17,0.101,0.055,1.4,tablet,electronics,frequent_buyer,2,Discount-Driven Shopper
CUST00137,2.9,36.31,40.8,15,0.29,0.726,37.1,desktop,fashion,occasional_browser,3,Occasional Browser
CUST00138,21.0,43.76,22.9,18,0.051,0.191,3.3,desktop,beauty,frequent_buyer,2,Discount-Driven Shopper
CUST00139,8.7,35.23,28.2,12,0.853,0.37,14.4,desktop,grocery,discount_driven,1,High-Value Customer
CUST00140,12.4,37.84,27.0,18,0.146,0.072,3.9,desktop,grocery,frequent_buyer,2,Discount-Driven Shopper
CUST00141,8.9,18.3,17.3,12,0.653,0.367,12.3,desktop,fashion,discount_driven,1,High-Value Customer
CUST00142,17.0,40.94,16.7,17,0.194,0.18,3.9,mobile,beauty,frequent_buyer,2,Discount-Driven Shopper
CUST00143,14.1,140.45,5.4,19,0.035,0.095,8.6,mobile,home,high_value,0,Frequent Buyer
CUST00144,12.8,38.05,34.3,22,0.104,0.11,4.2,mobile,electronics,frequent_buyer,2,Discount-Driven Shopper
CUST00145,2.7,37.44,48.8,13,0.275,0.663,52.2,mobile,home,occasional_browser,3,Occasional Browser
CUST00146,9.7,115.76,18.7,17,0.086,0.186,7.6,tablet,fashion,high_value,0,Frequent Buyer
CUST00147,2.6,28.64,32.5,13,0.113,0.698,32.4,mobile,beauty,occasional_browser,3,Occasional Browser
CUST00148,8.8,17.1,23.4,17,0.93,0.367,8.0,mobile,grocery,discount_driven,1,High-Value Customer
CUST00149,10.7,44.7,24.6,24,0.072,0.145,2.6,desktop,fashion,frequent_buyer,2,Discount-Driven Shopper
CUST00150,2.3,23.35,54.2,13,0.294,0.779,54.4,desktop,electronics,occasional_browser,3,Occasional Browser
CUST00151,11.3,115.89,19.9,12,0.146,0.058,6.0,desktop,electronics,high_value,0,Frequent Buyer
CUST00152,11.9,20.57,27.5,17,0.79,0.325,14.9,desktop,electronics,discount_driven,1,High-Value Customer
CUST00153,8.4,20.41,35.3,14,0.693,0.481,19.1,mobile,fashion,discount_driven,1,High-Value Customer
CUST00154,8.9,108.95,16.3,15,0.011,0.107,10.3,mobile,electronics,high_value,0,Frequent Buyer
CUST00155,0.1,24.2,52.4,10,0.167,0.725,71.6,desktop,fashion,occasional_browser,3,Occasional Browser
CUST00156,13.7,128.89,21.8,18,0.091,0.094,7.5,mobile,electronics,high_value,0,Frequent Buyer
CUST00157,8.6,22.83,31.2,18,0.766,0.315,16.2,tablet,electronics,discount_driven,1,High-Value Customer
CUST00158,23.3,66.26,27.6,23,0.205,0.081,6.0,desktop,grocery,frequent_buyer,2,Discount-Driven Shopper
CUST00159,14.6,35.61,28.2,22,0.231,0.075,4.7,tablet,fashion,frequent_buyer,2,Discount-Driven Shopper
CUST00160,19.6,48.01,35.5,21,0.188,0.19,2.4,mobile,electronics,frequent_buyer,2,Discount-Driven Shopper
CUST00161,17.7,39.56,31.2,17,0.121,0.192,3.2,tablet,beauty,frequent_buyer,2,Discount-Driven Shopper
CUST00162,19.2,31.92,26.1,29,0.223,0.122,0.7,desktop,grocery,frequent_buyer,2,Discount-Driven Shopper
CUST00163,3.2,22.99,23.9,16,0.823,0.425,14.7,mobile,electronics,discount_driven,1,High-Value Customer
CUST00164,9.8,140.58,17.6,12,0.002,0.052,5.3,desktop,grocery,high_value,0,Frequent Buyer
CUST00165,22.1,35.05,28.2,20,0.243,0.109,3.6,mobile,electronics,frequent_buyer,2,Discount-Driven Shopper
CUST00166,19.6,59.86,23.7,21,0.217,0.168,4.6,mobile,grocery,frequent_buyer,2,Discount-Driven Shopper
CUST00167,9.0,131.72,24.9,14,0.038,0.087,9.7,mobile,home,high_value,0,Frequent Buyer
CUST00168,7.6,19.96,34.9,3,0.822,0.323,22.0,mobile,electronics,discount_driven,1,High-Value Customer
CUST00169,4.6,17.89,40.0,7,0.745,0.512,14.4,mobile,home,discount_driven,1,High-Value Customer
CUST00170,20.0,49.41,19.8,19,0.194,0.134,0.8,mobile,fashion,frequent_buyer,2,Discount-Driven Shopper
CUST00171,17.5,46.73,30.3,19,0.219,0.11,4.0,desktop,fashion,frequent_buyer,2,Discount-Driven Shopper
CUST00172,9.1,16.72,28.2,18,0.611,0.459,3.9,mobile,fashion,discount_driven,1,High-Value Customer
CUST00173,1.9,38.27,33.5,16,0.347,0.68,35.9,mobile,home,occasional_browser,3,Occasional Browser
CUST00174,2.0,37.62,17.9,19,0.118,0.627,57.9,desktop,electronics,occasional_browser,3,Occasional Browser
CUST00175,21.0,43.37,31.6,16,0.178,0.112,3.9,desktop,beauty,frequent_buyer,2,Discount-Driven Shopper
CUST00176,22.2,36.46,19.5,19,0.25,0.111,1.8,mobile,beauty,frequent_buyer,2,Discount-Driven Shopper
CUST00177,5.7,20.71,19.7,8,0.864,0.305,12.7,mobile,grocery,discount_driven,1,High-Value Customer
CUST00178,0.3,12.07,37.1,12,0.139,0.696,52.4,desktop,grocery,occasional_browser,3,Occasional Browser
CUST00179,0.8,28.55,37.3,13,0.138,0.798,41.9,mobile,electronics,occasional_browser,3,Occasional Browser
CUST00180,9.9,136.05,12.4,16,0.065,0.132,10.4,mobile,fashion,high_value,0,Frequent Buyer
CUST00181,10.7,46.44,22.6,21,0.21,0.142,3.1,desktop,fashion,frequent_buyer,2,Discount-Driven Shopper
CUST00182,4.9,11.34,53.5,11,0.136,0.837,15.8,desktop,home,occasional_browser,3,Occasional Browser
CUST00183,19.3,41.97,28.5,24,0.175,0.097,3.0,mobile,fashion,frequent_buyer,2,Discount-Driven Shopper
CUST00184,22.1,45.27,25.6,17,0.087,0.053,2.3,mobile,electronics,frequent_buyer,2,Discount-Driven Shopper
CUST00185,11.4,116.57,23.0,13,0.091,0.087,5.0,mobile,grocery,high_value,0,Frequent Buyer
CUST00186,1.8,31.32,39.6,14,0.135,0.773,57.8,desktop,grocery,occasional_browser,3,Occasional Browser
CUST00187,7.9,18.66,33.1,15,0.794,0.347,5.3,mobile,electronics,discount_driven,1,High-Value Customer
CUST00188,19.1,48.91,39.7,23,0.16,0.153,5.0,mobile,grocery,frequent_buyer,2,Discount-Driven Shopper
CUST00189,7.8,16.38,26.8,22,0.632,0.438,18.9,mobile,grocery,discount_driven,1,High-Value Customer
CUST00190,11.9,168.72,15.2,16,0.037,0.05,14.6,mobile,electronics,high_value,0,Frequent Buyer
CUST00191,4.2,22.18,25.6,16,0.115,0.72,54.3,mobile,home,occasional_browser,3,Occasional Browser
CUST00192,1.8,35.78,31.1,16,0.164,0.733,55.5,mobile,grocery,occasional_browser,3,Occasional Browser
CUST00193,11.5,111.93,19.3,15,0.077,0.116,12.9,desktop,electronics,high_value,0,Frequent Buyer
CUST00194,11.1,146.49,20.6,14,0.002,0.062,6.3,tablet,fashion,high_value,0,Frequent Buyer
CUST00195,0.6,27.03,56.0,17,0.212,0.617,40.9,mobile,fashion,occasional_browser,3,Occasional Browser
CUST00196,20.7,40.26,28.2,13,0.248,0.094,3.1,desktop,fashion,frequent_buyer,2,Discount-Driven Shopper
CUST00197,2.6,25.31,48.5,11,0.375,0.801,60.0,desktop,beauty,occasional_browser,3,Occasional Browser
CUST00198,17.3,77.6,24.7,22,0.134,0.125,2.3,desktop,grocery,frequent_buyer,2,Discount-Driven Shopper
CUST00199,2.4,19.49,32.0,5,0.108,0.574,59.7,mobile,fashion,occasional_browser,3,Occasional Browser
CUST00200,15.0,59.88,25.5,23,0.139,0.171,3.8,mobile,home,frequent_buyer,2,Discount-Driven Shopper
CUST00201,11.7,10.07,36.9,12,0.627,0.518,9.5,desktop,beauty,discount_driven,1,High-Value Customer
CUST00202,2.6,18.91,54.5,9,0.196,0.816,33.5,mobile,beauty,occasional_browser,3,Occasional Browser
CUST00203,18.9,23.43,26.7,21,0.119,0.119,2.7,mobile,fashion,frequent_buyer,2,Discount-Driven Shopper
CUST00204,2.0,42.76,33.6,11,0.229,0.759,8.9,desktop,fashion,occasional_browser,3,Occasional Browser
CUST00205,6.6,24.82,13.5,17,0.745,0.483,17.6,mobile,electronics,discount_driven,1,High-Value Customer
CUST00206,3.8,22.81,34.9,10,0.201,0.762,31.5,desktop,home,occasional_browser,3,Occasional Browser
CUST00207,22.5,39.97,27.3,23,0.132,0.163,2.1,mobile,grocery,frequent_buyer,2,Discount-Driven Shopper
CUST00208,0.9,29.66,59.3,12,0.394,0.679,55.9,mobile,beauty,occasional_browser,3,Occasional Browser
CUST00209,21.3,52.16,31.2,21,0.185,0.111,2.6,desktop,beauty,frequent_buyer,2,Discount-Driven Shopper
CUST00210,2.4,37.32,50.7,11,0.362,0.571,69.4,mobile,fashion,occasional_browser,3,Occasional Browser
CUST00211,21.1,76.22,22.8,25,0.147,0.052,5.6,mobile,fashion,frequent_buyer,2,Discount-Driven Shopper
CUST00212,5.9,13.31,29.3,18,0.791,0.545,14.3,mobile,fashion,discount_driven,1,High-Value Customer
CUST00213,1.2,29.25,47.0,16,0.312,0.631,38.2,mobile,home,occasional_browser,3,Occasional Browser
CUST00214,9.7,147.75,16.0,13,0.095,0.064,10.2,mobile,electronics,high_value,0,Frequent Buyer
CUST00215,13.0,35.23,32.2,31,0.12,0.152,4.0,mobile,grocery,frequent_buyer,2,Discount-Driven Shopper
CUST00216,15.2,33.51,15.3,18,0.171,0.115,2.0,desktop,beauty,frequent_buyer,2,Discount-Driven Shopper
CUST00217,11.2,21.28,24.0,8,0.849,0.397,5.7,desktop,beauty,discount_driven,1,High-Value Customer
CUST00218,2.4,33.19,46.6,13,0.275,0.547,69.1,mobile,fashion,occasional_browser,3,Occasional Browser
CUST00219,9.8,133.58,26.2,21,0.096,0.162,7.5,desktop,fashion,high_value,0,Frequent Buyer
CUST00220,13.4,53.98,17.3,22,0.142,0.197,3.8,desktop,beauty,frequent_buyer,2,Discount-Driven Shopper
CUST00221,6.7,22.28,28.5,9,0.692,0.404,16.9,desktop,fashion,discount_driven,1,High-Value Customer
CUST00222,2.4,30.54,25.7,11,0.3,0.533,69.5,desktop,beauty,occasional_browser,3,Occasional Browser
CUST00223,4.4,20.59,29.2,9,0.388,0.812,40.6,mobile,electronics,occasional_browser,3,Occasional Browser
CUST00224,3.1,21.75,51.1,12,0.102,0.828,28.4,mobile,fashion,occasional_browser,3,Occasional Browser
CUST00225,16.0,43.31,33.1,23,0.185,0.071,5.5,desktop,fashion,frequent_buyer,2,Discount-Driven Shopper
CUST00226,3.9,41.12,24.9,10,0.233,0.673,78.3,desktop,fashion,occasional_browser,3,Occasional Browser
CUST00227,18.0,52.15,30.6,19,0.072,0.189,2.2,desktop,home,frequent_buyer,2,Discount-Driven Shopper
CUST00228,18.5,45.95,20.5,23,0.133,0.081,3.9,mobile,grocery,frequent_buyer,2,Discount-Driven Shopper
CUST00229,9.3,35.23,31.4,13,0.609,0.343,2.0,desktop,home,discount_driven,1,High-Value Customer
CUST00230,5.9,130.97,18.7,15,0.125,0.146,9.9,mobile,grocery,high_value,0,Frequent Buyer
CUST00231,8.4,35.23,27.0,16,0.681,0.529,5.1,desktop,grocery,discount_driven,1,High-Value Customer
CUST00232,19.9,49.42,25.0,16,0.21,0.183,5.2,mobile,electronics,frequent_buyer,2,Discount-Driven Shopper
CUST00233,2.7,21.83,56.3,16,0.382,0.772,39.7,mobile,fashion,occasional_browser,3,Occasional Browser
CUST00234,6.3,23.65,32.5,17,0.876,0.404,2.8,mobile,fashion,discount_driven,1,High-Value Customer
CUST00235,7.8,16.14,32.7,15,0.658,0.329,14.7,mobile,electronics,discount_driven,1,High-Value Customer
CUST00236,5.6,17.76,38.7,10,0.941,0.343,7.0,desktop,beauty,discount_driven,1,High-Value Customer
CUST00237,9.0,113.04,20.7,17,0.093,0.073,11.5,mobile,fashion,high_value,0,Frequent Buyer
CUST00238,7.8,19.2,38.3,15,0.85,0.37,12.9,mobile,electronics,discount_driven,1,High-Value Customer
CUST00239,9.3,9.8,31.4,11,0.868,0.535,12.1,mobile,grocery,discount_driven,1,High-Value Customer
CUST00240,9.3,166.07,20.9,12,0.12,0.068,8.0,desktop,fashion,high_value,0,Frequent Buyer
CUST00241,2.9,30.25,57.3,12,0.254,0.804,50.9,tablet,grocery,occasional_browser,3,Occasional Browser
CUST00242,7.8,16.65,26.8,14,0.899,0.423,13.1,mobile,home,discount_driven,1,High-Value Customer
CUST00243,3.4,44.98,19.6,15,0.336,0.588,63.6,desktop,fashion,occasional_browser,3,Occasional Browser
CUST00244,15.4,46.35,15.0,30,0.2,0.144,3.9,desktop,electronics,frequent_buyer,2,Discount-Driven Shopper
CUST00245,0.7,25.14,43.9,7,0.16,0.603,47.1,tablet,beauty,occasional_browser,3,Occasional Browser
CUST00246,2.6,35.94,50.0,16,0.254,0.746,54.1,tablet,fashion,occasional_browser,3,Occasional Browser
CUST00247,9.6,166.31,23.7,16,0.007,0.147,9.1,mobile,beauty,high_value,0,Frequent Buyer
CUST00248,5.7,21.53,22.7,18,0.925,0.549,9.7,desktop,beauty,discount_driven,1,High-Value Customer
CUST00249,6.7,14.38,42.3,14,0.92,0.347,13.1,desktop,electronics,discount_driven,1,High-Value Customer
CUST00250,2.5,30.79,33.6,9,0.267,0.8,54.1,desktop,home,occasional_browser,3,Occasional Browser
CUST00251,5.1,14.71,26.5,21,0.631,0.371,3.6,mobile,fashion,discount_driven,1,High-Value Customer
CUST00252,16.0,46.2,22.6,27,0.088,0.094,4.6,desktop,grocery,frequent_buyer,2,Discount-Driven Shopper
CUST00253,5.6,122.32,16.7,16,0.068,0.152,0.8,mobile,beauty,high_value,0,Frequent Buyer
CUST00254,2.6,24.36,35.6,15,0.127,0.847,38.2,mobile,home,occasional_browser,3,Occasional Browser
CUST00255,7.8,23.51,26.2,13,0.684,0.478,7.6,mobile,home,discount_driven,1,High-Value Customer
CUST00256,5.5,13.43,36.8,13,0.64,0.535,7.6,desktop,fashion,discount_driven,1,High-Value Customer
CUST00257,16.8,50.75,29.4,22,0.121,0.164,1.4,mobile,fashion,frequent_buyer,2,Discount-Driven Shopper
CUST00258,0.9,31.18,40.8,15,0.347,0.561,49.4,mobile,electronics,occasional_browser,3,Occasional Browser
CUST00259,8.6,20.65,33.3,12,0.821,0.446,4.0,mobile,electronics,discount_driven,1,High-Value Customer
CUST00260,5.6,20.22,27.9,23,0.744,0.44,13.1,tablet,electronics,discount_driven,1,High-Value Customer
CUST00261,9.6,16.42,24.1,14,0.805,0.357,13.0,desktop,grocery,discount_driven,1,High-Value Customer
CUST00262,18.8,41.36,27.9,21,0.2,0.134,3.6,mobile,fashion,frequent_buyer,2,Discount-Driven Shopper
CUST00263,1.3,36.06,40.2,11,0.165,0.846,28.9,desktop,beauty,occasional_browser,3,Occasional Browser
CUST00264,8.4,18.73,31.2,16,0.655,0.313,12.9,desktop,electronics,discount_driven,1,High-Value Customer
CUST00265,9.1,146.02,18.7,17,0.027,0.071,11.5,desktop,fashion,high_value,0,Frequent Buyer
CUST00266,8.9,17.33,31.8,22,0.928,0.378,4.8,mobile,grocery,discount_driven,1,High-Value Customer
CUST00267,0.5,38.73,32.8,10,0.254,0.771,46.1,desktop,electronics,occasional_browser,3,Occasional Browser
CUST00268,17.5,49.09,26.0,20,0.138,0.185,2.6,tablet,fashion,frequent_buyer,2,Discount-Driven Shopper
CUST00269,8.4,35.23,15.9,16,0.676,0.372,9.7,tablet,electronics,discount_driven,1,High-Value Customer
CUST00270,2.1,30.79,24.8,10,0.195,0.839,49.2,mobile,fashion,occasional_browser,3,Occasional Browser
CUST00271,11.2,38.37,18.1,16,0.068,0.097,1.3,desktop,grocery,frequent_buyer,2,Discount-Driven Shopper
CUST00272,11.7,41.03,23.4,20,0.137,0.087,5.4,mobile,fashion,frequent_buyer,2,Discount-Driven Shopper
CUST00273,17.6,47.03,25.9,24,0.216,0.157,1.4,mobile,electronics,frequent_buyer,2,Discount-Driven Shopper
CUST00274,12.4,126.77,19.5,11,0.057,0.143,6.5,mobile,beauty,high_value,0,Frequent Buyer
CUST00275,0.0,19.07,30.4,10,0.12,0.81,43.4,tablet,beauty,occasional_browser,3,Occasional Browser
CUST00276,4.6,124.67,12.7,18,0.109,0.154,6.2,mobile,beauty,high_value,0,Frequent Buyer
CUST00277,8.8,114.38,21.2,12,0.142,0.096,4.3,mobile,electronics,high_value,0,Frequent Buyer
CUST00278,6.1,19.21,29.8,17,0.931,0.495,15.4,mobile,electronics,discount_driven,1,High-Value Customer
CUST00279,15.1,59.12,24.3,20,0.062,0.13,5.3,mobile,fashion,frequent_buyer,2,Discount-Driven Shopper
CUST00280,10.8,90.95,16.5,12,0.039,0.063,3.8,mobile,electronics,high_value,0,Frequent Buyer
CUST00281,8.3,17.48,21.9,11,0.716,0.466,13.8,desktop,fashion,discount_driven,1,High-Value Customer
CUST00282,11.0,132.54,27.2,12,0.044,0.187,5.1,mobile,grocery,high_value,0,Frequent Buyer
CUST00283,5.9,11.32,29.4,15,0.89,0.446,17.4,mobile,home,discount_driven,1,High-Value Customer
CUST00284,1.4,19.65,27.7,10,0.133,0.727,39.5,desktop,beauty,occasional_browser,3,Occasional Browser
CUST00285,18.4,33.71,27.8,28,0.066,0.055,3.4,mobile,electronics,frequent_buyer,2,Discount-Driven Shopper
CUST00286,0.0,35.23,33.0,19,0.396,0.769,46.7,mobile,fashion,occasional_browser,3,Occasional Browser
CUST00287,22.6,56.06,38.4,20,0.055,0.114,2.0,mobile,grocery,frequent_buyer,2,Discount-Driven Shopper
CUST00288,9.2,78.27,18.8,11,0.029,0.148,0.0,desktop,beauty,high_value,0,Frequent Buyer
CUST00289,18.9,69.97,24.2,19,0.069,0.195,4.0,mobile,grocery,frequent_buyer,2,Discount-Driven Shopper
CUST00290,9.9,88.7,21.8,11,0.018,0.155,8.8,mobile,home,high_value,0,Frequent Buyer
CUST00291,2.4,20.12,30.0,11,0.108,0.718,51.5,mobile,beauty,occasional_browser,3,Occasional Browser
CUST00292,8.8,25.97,37.4,24,0.882,0.399,11.4,desktop,grocery,discount_driven,1,High-Value Customer
CUST00293,20.2,23.93,27.3,21,0.08,0.178,0.6,desktop,grocery,frequent_buyer,2,Discount-Driven Shopper
CUST00294,11.7,81.53,20.5,13,0.139,0.099,7.4,mobile,fashion,high_value,0,Frequent Buyer
CUST00295,2.1,28.29,39.2,2,0.195,0.813,24.8,mobile,beauty,occasional_browser,3,Occasional Browser
CUST00296,9.8,14.24,31.4,15,0.884,0.396,16.6,desktop,home,discount_driven,1,High-Value Customer
CUST00297,1.5,19.23,28.7,12,0.124,0.79,44.0,mobile,electronics,occasional_browser,3,Occasional Browser
CUST00298,10.7,117.74,22.9,13,0.048,0.123,1.0,desktop,grocery,high_value,0,Frequent Buyer
CUST00299,6.0,27.09,36.7,20,0.642,0.443,15.9,mobile,home,discount_driven,1,High-Value Customer
CUST00300,1.4,30.94,38.3,15,0.192,0.672,56.0,desktop,electronics,occasional_browser,3,Occasional Browser
CUST00301,18.8,29.97,14.2,21,0.11,0.092,4.0,desktop,home,frequent_buyer,2,Discount-Driven Shopper
CUST00302,3.2,23.99,39.6,12,0.38,0.683,42.5,mobile,fashion,occasional_browser,3,Occasional Browser
CUST00303,13.4,147.24,12.5,14,0.134,0.061,10.0,mobile,home,high_value,0,Frequent Buyer
CUST00304,9.5,28.64,31.8,13,0.938,0.457,16.4,tablet,grocery,discount_driven,1,High-Value Customer
CUST00305,15.1,30.49,33.6,21,0.114,0.137,4.6,mobile,electronics,frequent_buyer,2,Discount-Driven Shopper
CUST00306,16.4,35.22,25.0,19,0.247,0.05,4.6,desktop,grocery,frequent_buyer,2,Discount-Driven Shopper
CUST00307,5.5,96.62,6.6,10,0.11,0.07,5.4,mobile,fashion,high_value,0,Frequent Buyer
CUST00308,7.0,15.81,26.0,14,0.817,0.475,12.4,mobile,electronics,discount_driven,1,High-Value Customer
CUST00309,1.2,27.91,36.7,10,0.189,0.685,58.2,mobile,electronics,occasional_browser,3,Occasional Browser
CUST00310,23.1,46.57,31.1,19,0.173,0.129,4.4,mobile,fashion,frequent_buyer,2,Discount-Driven Shopper
CUST00311,13.7,45.12,31.2,17,0.233,0.104,1.6,desktop,fashion,frequent_buyer,2,Discount-Driven Shopper
CUST00312,6.8,27.71,17.4,14,0.748,0.549,19.0,mobile,beauty,discount_driven,1,High-Value Customer
CUST00313,19.2,40.11,15.7,25,0.225,0.052,3.5,mobile,grocery,frequent_buyer,2,Discount-Driven Shopper
CUST00314,0.5,28.24,37.4,17,0.372,0.792,41.1,mobile,fashion,occasional_browser,3,Occasional Browser
CUST00315,6.7,15.91,23.9,15,0.676,0.534,0.0,mobile,electronics,discount_driven,1,High-Value Customer
CUST00316,0.5,29.11,41.2,11,0.244,0.507,44.4,desktop,beauty,occasional_browser,3,Occasional Browser
CUST00317,1.3,37.32,41.6,16,0.212,0.719,32.1,desktop,fashion,occasional_browser,3,Occasional Browser
CUST00318,2.8,27.25,45.8,12,0.102,0.509,24.1,desktop,fashion,occasional_browser,3,Occasional Browser
CUST00319,16.5,41.78,9.1,25,0.116,0.138,0.0,tablet,home,frequent_buyer,2,Discount-Driven Shopper
CUST00320,4.1,23.23,36.0,11,0.621,0.473,14.5,desktop,electronics,discount_driven,1,High-Value Customer
CUST00321,3.0,20.36,51.5,10,0.224,0.729,10.0,tablet,electronics,occasional_browser,3,Occasional Browser
CUST00322,8.1,20.26,33.9,10,0.618,0.454,11.8,mobile,grocery,discount_driven,1,High-Value Customer
CUST00323,1.7,23.97,36.8,16,0.288,0.727,38.1,desktop,home,occasional_browser,3,Occasional Browser
CUST00324,2.9,29.38,57.6,16,0.284,0.506,56.2,mobile,beauty,occasional_browser,3,Occasional Browser
CUST00325,2.9,22.63,28.2,5,0.12,0.563,36.7,desktop,grocery,occasional_browser,3,Occasional Browser
CUST00326,14.2,103.32,18.5,18,0.149,0.052,8.9,desktop,grocery,high_value,0,Frequent Buyer
CUST00327,14.9,43.16,14.5,16,0.111,0.16,4.1,tablet,fashion,frequent_buyer,2,Discount-Driven Shopper
CUST00328,13.3,138.58,11.9,12,0.034,0.06,4.0,desktop,fashion,high_value,0,Frequent Buyer
CUST00329,16.2,44.65,18.7,25,0.199,0.112,3.1,mobile,fashion,frequent_buyer,2,Discount-Driven Shopper
CUST00330,13.8,50.89,23.4,21,0.087,0.098,2.4,mobile,home,frequent_buyer,2,Discount-Driven Shopper
CUST00331,9.4,115.04,14.6,13,0.019,0.136,4.3,mobile,fashion,high_value,0,Frequent Buyer
CUST00332,3.4,19.25,48.5,9,0.276,0.611,44.8,desktop,beauty,occasional_browser,3,Occasional Browser
CUST00333,6.9,140.97,13.9,10,0.025,0.077,5.5,mobile,grocery,high_value,0,Frequent Buyer
CUST00334,10.5,16.56,31.1,13,0.853,0.493,14.0,desktop,grocery,discount_driven,1,High-Value Customer
CUST00335,0.4,41.84,35.9,14,0.188,0.593,54.9,desktop,grocery,occasional_browser,3,Occasional Browser
CUST00336,4.1,20.89,31.1,12,0.647,0.46,15.4,mobile,electronics,discount_driven,1,High-Value Customer
CUST00337,16.8,31.37,29.2,19,0.058,0.127,3.7,desktop,beauty,frequent_buyer,2,Discount-Driven Shopper
CUST00338,18.6,35.23,20.6,23,0.08,0.073,2.6,mobile,electronics,frequent_buyer,2,Discount-Driven Shopper
CUST00339,3.9,21.62,31.9,16,0.144,0.572,60.5,mobile,electronics,occasional_browser,3,Occasional Browser
CUST00340,0.6,36.57,40.5,13,0.339,0.613,51.7,desktop,electronics,occasional_browser,3,Occasional Browser
CUST00341,21.7,58.79,23.4,22,0.212,0.062,2.5,mobile,home,frequent_buyer,2,Discount-Driven Shopper
CUST00342,4.5,32.5,44.1,13,0.129,0.799,41.4,mobile,electronics,occasional_browser,3,Occasional Browser
CUST00343,5.7,23.59,23.6,11,0.622,0.344,11.9,mobile,grocery,discount_driven,1,High-Value Customer
CUST00344,7.7,18.04,35.5,18,0.945,0.449,14.9,mobile,grocery,discount_driven,1,High-Value Customer
CUST00345,10.9,26.66,36.4,13,0.936,0.354,14.7,desktop,fashion,discount_driven,1,High-Value Customer
CUST00346,10.0,11.3,35.6,21,0.943,0.533,11.4,tablet,fashion,discount_driven,1,High-Value Customer
CUST00347,23.6,42.19,20.3,18,0.172,0.096,2.2,mobile,beauty,frequent_buyer,2,Discount-Driven Shopper
CUST00348,1.8,36.07,29.6,15,0.14,0.842,50.1,desktop,home,occasional_browser,3,Occasional Browser
CUST00349,17.7,46.31,17.3,20,0.083,0.119,2.0,mobile,fashion,frequent_buyer,2,Discount-Driven Shopper
CUST00350,7.7,25.38,28.9,6,0.744,0.504,22.7,desktop,beauty,discount_driven,1,High-Value Customer
CUST00351,15.5,49.03,26.2,22,0.199,0.097,2.3,mobile,fashion,frequent_buyer,2,Discount-Driven Shopper
CUST00352,2.7,23.62,66.5,14,0.184,0.788,88.3,desktop,grocery,occasional_browser,3,Occasional Browser
CUST00353,19.1,51.3,29.6,16,0.112,0.086,3.2,desktop,electronics,frequent_buyer,2,Discount-Driven Shopper
CUST00354,7.6,21.42,31.4,14,0.863,0.369,10.1,desktop,electronics,discount_driven,1,High-Value Customer
CUST00355,3.7,27.34,49.6,14,0.363,0.771,43.6,mobile,electronics,occasional_browser,3,Occasional Browser
CUST00356,2.0,25.32,50.1,7,0.335,0.81,52.2,mobile,beauty,occasional_browser,3,Occasional Browser
CUST00357,2.3,16.27,35.8,15,0.386,0.543,24.9,mobile,electronics,occasional_browser,3,Occasional Browser
CUST00358,2.2,25.06,27.5,13,0.342,0.758,44.3,mobile,beauty,occasional_browser,3,Occasional Browser
CUST00359,3.3,22.19,49.1,13,0.375,0.751,30.6,mobile,beauty,occasional_browser,3,Occasional Browser
CUST00360,14.4,62.1,24.0,19,0.147,0.082,1.3,mobile,beauty,frequent_buyer,2,Discount-Driven Shopper
CUST00361,1.7,30.01,40.9,19,0.364,0.833,39.9,desktop,grocery,occasional_browser,3,Occasional Browser
CUST00362,3.6,28.12,26.4,13,0.223,0.732,60.3,mobile,fashion,occasional_browser,3,Occasional Browser
CUST00363,6.7,23.32,24.6,12,0.939,0.484,16.0,mobile,grocery,discount_driven,1,High-Value Customer
CUST00364,8.9,26.47,30.1,25,0.767,0.42,12.8,desktop,grocery,discount_driven,1,High-Value Customer
CUST00365,6.4,30.5,43.3,16,0.889,0.474,21.4,tablet,grocery,discount_driven,1,High-Value Customer
CUST00366,2.7,34.3,49.2,7,0.228,0.839,49.7,desktop,grocery,occasional_browser,3,Occasional Browser
CUST00367,18.4,51.92,34.6,21,0.193,0.079,0.0,mobile,fashion,frequent_buyer,2,Discount-Driven Shopper
CUST00368,0.0,19.48,36.2,10,0.273,0.799,42.8,desktop,fashion,occasional_browser,3,Occasional Browser
CUST00369,13.7,47.22,15.8,21,0.22,0.11,4.1,mobile,electronics,frequent_buyer,2,Discount-Driven Shopper
CUST00370,8.8,166.89,26.1,11,0.067,0.092,9.4,mobile,beauty,high_value,0,Frequent Buyer
CUST00371,15.2,55.69,17.3,22,0.228,0.067,3.0,desktop,grocery,frequent_buyer,2,Discount-Driven Shopper
CUST00372,7.6,19.28,27.2,9,0.905,0.322,12.0,mobile,grocery,discount_driven,1,High-Value Customer
CUST00373,9.5,13.01,26.5,17,0.921,0.438,9.0,mobile,grocery,discount_driven,1,High-Value Customer
CUST00374,4.5,22.53,33.6,8,0.791,0.31,17.2,desktop,fashion,discount_driven,1,High-Value Customer
CUST00375,10.7,10.94,48.1,12,0.768,0.465,10.3,desktop,fashion,discount_driven,1,High-Value Customer
CUST00376,1.8,29.39,37.0,12,0.219,0.715,30.5,desktop,fashion,occasional_browser,3,Occasional Browser
CUST00377,8.1,22.75,42.3,19,0.833,0.428,8.9,mobile,fashion,discount_driven,1,High-Value Customer
CUST00378,9.8,93.27,10.1,15,0.129,0.191,5.1,mobile,grocery,high_value,0,Frequent Buyer
CUST00379,9.5,147.36,20.0,13,0.077,0.125,8.1,mobile,electronics,high_value,0,Frequent Buyer
CUST00380,21.3,66.12,33.4,22,0.067,0.103,2.4,desktop,fashion,frequent_buyer,2,Discount-Driven Shopper
CUST00381,11.1,138.4,16.3,15,0.021,0.093,12.0,desktop,grocery,high_value,0,Frequent Buyer
CUST00382,8.2,20.67,31.9,11,0.844,0.348,7.5,mobile,fashion,discount_driven,1,High-Value Customer
CUST00383,9.2,22.72,24.4,15,0.661,0.477,14.8,desktop,electronics,discount_driven,1,High-Value Customer
CUST00384,2.3,32.93,33.7,10,0.246,0.509,29.9,mobile,fashion,occasional_browser,3,Occasional Browser
CUST00385,1.3,26.66,48.2,14,0.177,0.771,47.1,desktop,grocery,occasional_browser,3,Occasional Browser
CUST00386,10.7,41.48,26.8,14,0.195,0.175,1.8,desktop,fashion,frequent_buyer,2,Discount-Driven Shopper
CUST00387,8.3,17.48,28.5,13,0.835,0.384,9.2,mobile,fashion,discount_driven,1,High-Value Customer
CUST00388,6.3,23.51,36.3,20,0.64,0.364,11.3,desktop,fashion,discount_driven,1,High-Value Customer
CUST00389,17.9,48.78,22.3,25,0.135,0.107,3.6,tablet,fashion,frequent_buyer,2,Discount-Driven Shopper
CUST00390,11.5,18.87,23.3,19,0.721,0.463,13.6,mobile,grocery,discount_driven,1,High-Value Customer
CUST00391,1.7,33.3,41.9,15,0.255,0.6,63.0,desktop,fashion,occasional_browser,3,Occasional Browser
CUST00392,8.1,16.76,23.4,11,0.66,0.437,11.0,mobile,electronics,discount_driven,1,High-Value Customer
CUST00393,7.9,102.64,13.2,14,0.113,0.186,7.7,desktop,grocery,high_value,0,Frequent Buyer
CUST00394,3.7,26.68,49.4,11,0.261,0.567,51.2,desktop,fashion,occasional_browser,3,Occasional Browser
CUST00395,11.8,108.33,28.2,13,0.06,0.095,3.9,mobile,electronics,high_value,0,Frequent Buyer
CUST00396,2.4,32.52,41.4,12,0.176,0.655,46.9,desktop,electronics,occasional_browser,3,Occasional Browser
CUST00397,17.6,48.91,21.5,24,0.052,0.107,0.0,desktop,grocery,frequent_buyer,2,Discount-Driven Shopper
CUST00398,10.3,114.2,11.4,18,0.015,0.114,6.8,desktop,electronics,high_value,0,Frequent Buyer
CUST00399,11.3,125.04,14.2,11,0.06,0.086,4.0,mobile,grocery,high_value,0,Frequent Buyer
CUST00400,0.3,37.87,43.9,13,0.296,0.596,70.0,desktop,fashion,occasional_browser,3,Occasional Browser
CUST00401,7.2,17.29,33.4,14,0.681,0.372,19.3,mobile,home,discount_driven,1,High-Value Customer
CUST00402,14.5,47.23,31.3,24,0.065,0.092,2.1,desktop,fashion,frequent_buyer,2,Discount-Driven Shopper
CUST00403,10.1,156.01,28.2,17,0.077,0.179,0.5,mobile,grocery,high_value,0,Frequent Buyer
CUST00404,7.0,23.47,29.3,14,0.865,0.472,2.7,desktop,home,discount_driven,1,High-Value Customer
CUST00405,15.1,43.21,23.1,22,0.082,0.059,2.2,mobile,fashion,frequent_buyer,2,Discount-Driven Shopper
CUST00406,2.9,33.54,50.0,9,0.254,0.75,51.1,tablet,electronics,occasional_browser,3,Occasional Browser
CUST00407,21.4,40.58,24.9,19,0.116,0.058,0.6,mobile,grocery,frequent_buyer,2,Discount-Driven Shopper
CUST00408,17.0,34.34,25.4,20,0.203,0.062,3.6,mobile,electronics,frequent_buyer,2,Discount-Driven Shopper
CUST00409,16.9,32.24,24.6,23,0.108,0.134,3.4,desktop,beauty,frequent_buyer,2,Discount-Driven Shopper
CUST00410,8.2,142.41,18.1,14,0.142,0.059,11.5,tablet,electronics,high_value,0,Frequent Buyer
CUST00411,9.9,20.59,28.4,8,0.714,0.538,14.8,desktop,beauty,discount_driven,1,High-Value Customer
CUST00412,20.6,34.54,12.1,17,0.063,0.061,5.0,mobile,beauty,frequent_buyer,2,Discount-Driven Shopper
CUST00413,3.8,28.1,25.4,10,0.204,0.778,53.8,desktop,grocery,occasional_browser,3,Occasional Browser
CUST00414,18.5,50.9,25.9,28,0.2,0.082,3.5,desktop,home,frequent_buyer,2,Discount-Driven Shopper
CUST00415,2.4,27.54,34.8,11,0.189,0.532,32.4,desktop,beauty,occasional_browser,3,Occasional Browser
CUST00416,2.4,29.5,38.2,16,0.201,0.747,46.0,mobile,beauty,occasional_browser,3,Occasional Browser
CUST00417,16.3,40.88,22.2,18,0.153,0.177,3.3,desktop,beauty,frequent_buyer,2,Discount-Driven Shopper
CUST00418,7.1,18.46,17.3,16,0.736,0.333,14.9,mobile,grocery,discount_driven,1,High-Value Customer
CUST00419,1.4,33.02,51.1,19,0.254,0.742,37.7,desktop,electronics,occasional_browser,3,Occasional Browser
CUST00420,11.8,106.41,14.2,13,0.016,0.173,5.7,mobile,grocery,high_value,0,Frequent Buyer
CUST00421,18.3,60.95,25.7,26,0.178,0.168,2.5,mobile,electronics,frequent_buyer,2,Discount-Driven Shopper
CUST00422,3.0,32.64,39.9,10,0.306,0.785,10.0,mobile,fashion,occasional_browser,3,Occasional Browser
CUST00423,18.5,49.43,15.9,20,0.101,0.182,3.4,mobile,beauty,frequent_buyer,2,Discount-Driven Shopper
CUST00424,1.5,20.86,40.3,8,0.191,0.751,13.4,mobile,fashion,occasional_browser,3,Occasional Browser
CUST00425,1.1,28.86,29.1,13,0.17,0.722,35.7,desktop,fashion,occasional_browser,3,Occasional Browser
CUST00426,7.0,25.7,50.0,6,0.751,0.442,7.4,mobile,fashion,discount_driven,1,High-Value Customer
CUST00427,11.6,20.74,31.5,10,0.85,0.411,11.8,mobile,home,discount_driven,1,High-Value Customer
CUST00428,16.7,48.45,19.9,20,0.161,0.095,2.0,mobile,electronics,frequent_buyer,2,Discount-Driven Shopper
CUST00429,20.8,30.02,28.6,19,0.176,0.116,3.0,desktop,fashion,frequent_buyer,2,Discount-Driven Shopper
CUST00430,8.9,104.7,21.8,14,0.044,0.09,10.3,mobile,home,high_value,0,Frequent Buyer
CUST00431,1.7,28.42,36.5,20,0.257,0.733,51.3,mobile,electronics,occasional_browser,3,Occasional Browser
CUST00432,17.3,52.71,32.8,24,0.094,0.117,0.7,desktop,electronics,frequent_buyer,2,Discount-Driven Shopper
CUST00433,21.5,40.88,24.7,22,0.151,0.136,2.6,mobile,beauty,frequent_buyer,2,Discount-Driven Shopper
CUST00434,14.3,61.57,31.6,18,0.12,0.053,0.9,mobile,grocery,frequent_buyer,2,Discount-Driven Shopper
CUST00435,2.0,38.39,23.5,13,0.33,0.763,24.5,mobile,electronics,occasional_browser,3,Occasional Browser
CUST00436,2.4,39.63,43.4,12,0.335,0.831,62.1,mobile,fashion,occasional_browser,3,Occasional Browser
CUST00437,1.8,34.28,50.4,14,0.325,0.745,39.9,mobile,grocery,occasional_browser,3,Occasional Browser
CUST00438,17.6,49.29,20.7,24,0.197,0.125,3.0,desktop,electronics,frequent_buyer,2,Discount-Driven Shopper
CUST00439,17.5,50.32,36.6,18,0.117,0.088,2.7,desktop,fashion,frequent_buyer,2,Discount-Driven Shopper
CUST00440,8.1,28.12,40.4,25,0.839,0.488,16.1,desktop,beauty,discount_driven,1,High-Value Customer
CUST00441,7.2,13.77,29.0,17,0.644,0.431,11.2,tablet,fashion,discount_driven,1,High-Value Customer
CUST00442,1.8,29.5,44.9,14,0.315,0.74,37.5,desktop,grocery,occasional_browser,3,Occasional Browser
CUST00443,21.0,34.02,31.3,17,0.174,0.062,0.0,mobile,grocery,frequent_buyer,2,Discount-Driven Shopper
CUST00444,10.4,147.23,14.5,15,0.121,0.151,5.3,mobile,home,high_value,0,Frequent Buyer
CUST00445,16.6,44.31,28.9,23,0.094,0.143,3.0,mobile,home,frequent_buyer,2,Discount-Driven Shopper
CUST00446,6.7,23.32,23.9,17,0.801,0.388,10.6,desktop,fashion,discount_driven,1,High-Value Customer
CUST00447,4.7,18.54,28.3,16,0.932,0.351,5.4,mobile,grocery,discount_driven,1,High-Value Customer
CUST00448,2.5,30.74,26.2,10,0.345,0.617,44.2,desktop,fashion,occasional_browser,3,Occasional Browser
CUST00449,6.0,20.17,18.9,6,0.857,0.51,7.7,mobile,electronics,discount_driven,1,High-Value Customer
CUST00450,10.2,111.99,13.5,12,0.008,0.053,4.9,mobile,electronics,high_value,0,Frequent Buyer
CUST00451,2.4,7.81,37.7,9,0.203,0.564,44.8,desktop,electronics,occasional_browser,3,Occasional Browser
CUST00452,1.8,22.78,32.7,13,0.235,0.671,49.8,mobile,electronics,occasional_browser,3,Occasional Browser
CUST00453,15.3,46.62,29.1,20,0.241,0.086,2.3,desktop,fashion,frequent_buyer,2,Discount-Driven Shopper
CUST00454,4.3,19.32,29.1,14,0.19,0.66,60.7,mobile,beauty,occasional_browser,3,Occasional Browser
CUST00455,1.8,31.52,41.0,10,0.374,0.562,42.7,desktop,electronics,occasional_browser,3,Occasional Browser
CUST00456,6.5,20.49,28.8,13,0.857,0.43,11.1,mobile,beauty,discount_driven,1,High-Value Customer
CUST00457,6.7,15.94,28.4,12,0.747,0.429,14.7,mobile,electronics,discount_driven,1,High-Value Customer
CUST00458,8.6,26.31,37.0,12,0.707,0.421,15.8,mobile,grocery,discount_driven,1,High-Value Customer
CUST00459,18.0,61.51,26.3,16,0.11,0.055,4.4,mobile,fashion,frequent_buyer,2,Discount-Driven Shopper
CUST00460,19.1,35.23,30.0,19,0.179,0.092,3.1,mobile,fashion,frequent_buyer,2,Discount-Driven Shopper
CUST00461,2.4,21.02,46.1,9,0.299,0.62,47.3,mobile,fashion,occasional_browser,3,Occasional Browser
CUST00462,19.6,51.35,20.4,17,0.226,0.09,3.7,tablet,fashion,frequent_buyer,2,Discount-Driven Shopper
CUST00463,16.5,34.35,20.6,20,0.166,0.14,2.0,desktop,electronics,frequent_buyer,2,Discount-Driven Shopper
CUST00464,2.1,32.07,45.3,3,0.139,0.602,50.5,desktop,home,occasional_browser,3,Occasional Browser
CUST00465,20.4,59.67,29.1,18,0.143,0.123,3.3,desktop,fashion,frequent_buyer,2,Discount-Driven Shopper
CUST00466,2.6,19.44,38.3,11,0.24,0.799,43.3,tablet,home,occasional_browser,3,Occasional Browser
CUST00467,1.7,22.51,53.3,8,0.314,0.65,52.0,mobile,fashion,occasional_browser,3,Occasional Browser
CUST00468,8.0,20.11,22.4,15,0.677,0.433,10.3,tablet,beauty,discount_driven,1,High-Value Customer
CUST00469,2.4,38.13,38.0,14,0.131,0.746,29.1,tablet,beauty,occasional_browser,3,Occasional Browser
CUST00470,8.2,127.32,17.7,18,0.005,0.068,9.4,desktop,beauty,high_value,0,Frequent Buyer
CUST00471,15.1,48.25,25.4,15,0.057,0.062,4.8,mobile,electronics,frequent_buyer,2,Discount-Driven Shopper
CUST00472,10.2,17.25,34.9,17,0.652,0.535,12.2,mobile,grocery,discount_driven,1,High-Value Customer
CUST00473,19.1,43.99,20.9,14,0.247,0.13,0.4,desktop,electronics,frequent_buyer,2,Discount-Driven Shopper
CUST00474,18.1,46.22,21.7,22,0.231,0.157,2.8,desktop,grocery,frequent_buyer,2,Discount-Driven Shopper
CUST00475,2.3,26.18,33.5,9,0.346,0.688,39.6,desktop,electronics,occasional_browser,3,Occasional Browser
CUST00476,2.4,40.07,46.9,7,0.109,0.542,53.6,desktop,home,occasional_browser,3,Occasional Browser
CUST00477,2.7,23.33,40.6,15,0.301,0.785,31.8,mobile,home,occasional_browser,3,Occasional Browser
CUST00478,14.9,46.15,26.1,20,0.07,0.052,1.8,desktop,home,frequent_buyer,2,Discount-Driven Shopper
CUST00479,2.3,34.75,37.3,11,0.196,0.767,38.0,mobile,electronics,occasional_browser,3,Occasional Browser
CUST00480,3.2,26.7,22.2,12,0.356,0.703,29.8,mobile,electronics,occasional_browser,3,Occasional Browser
CUST00481,5.6,109.83,20.3,7,0.088,0.17,10.2,mobile,electronics,high_value,0,Frequent Buyer
CUST00482,16.3,66.38,32.9,21,0.234,0.186,3.4,desktop,fashion,frequent_buyer,2,Discount-Driven Shopper
CUST00483,2.4,30.37,36.6,13,0.334,0.56,23.5,desktop,beauty,occasional_browser,3,Occasional Browser
CUST00484,9.5,108.43,16.8,17,0.049,0.092,3.4,mobile,fashion,high_value,0,Frequent Buyer
CUST00485,3.0,22.61,42.2,10,0.171,0.671,60.0,tablet,home,occasional_browser,3,Occasional Browser
CUST00486,1.0,21.47,63.8,14,0.155,0.787,59.4,mobile,electronics,occasional_browser,3,Occasional Browser
CUST00487,15.1,35.82,15.5,20,0.075,0.069,5.4,mobile,electronics,frequent_buyer,2,Discount-Driven Shopper
CUST00488,11.1,43.81,15.9,10,0.017,0.108,7.4,desktop,beauty,high_value,0,Frequent Buyer
CUST00489,13.0,137.16,19.1,11,0.1,0.08,6.4,mobile,grocery,high_value,0,Frequent Buyer
CUST00490,2.2,41.18,49.7,6,0.394,0.759,80.3,mobile,beauty,occasional_browser,3,Occasional Browser
CUST00491,19.6,35.23,28.3,17,0.151,0.152,4.0,tablet,grocery,frequent_buyer,2,Discount-Driven Shopper
CUST00492,1.2,36.53,39.9,8,0.27,0.727,41.4,mobile,fashion,occasional_browser,3,Occasional Browser
CUST00493,8.3,84.84,8.8,16,0.108,0.126,4.0,mobile,electronics,high_value,0,Frequent Buyer
CUST00494,10.0,114.45,16.1,14,0.039,0.165,9.9,tablet,fashion,high_value,0,Frequent Buyer
CUST00495,12.1,103.47,21.5,15,0.104,0.087,7.5,desktop,electronics,high_value,0,Frequent Buyer
CUST00496,0.3,25.15,52.3,16,0.214,0.517,39.3,mobile,home,occasional_browser,3,Occasional Browser
CUST00497,1.8,25.26,2.9,17,0.101,0.675,49.9,mobile,fashion,occasional_browser,3,Occasional Browser
CUST00498,17.8,26.61,16.9,16,0.094,0.159,4.0,mobile,fashion,frequent_buyer,2,Discount-Driven Shopper
CUST00499,7.2,17.77,37.6,16,0.701,0.382,10.7,mobile,home,discount_driven,1,High-Value Customer
CUST00500,6.2,19.64,38.2,9,0.762,0.526,12.4,mobile,beauty,discount_driven,1,High-Value Customer
CUST00501,20.2,42.13,26.0,22,0.183,0.118,3.9,desktop,beauty,frequent_buyer,2,Discount-Driven Shopper
CUST00502,12.6,154.64,18.9,12,0.058,0.117,7.0,mobile,electronics,high_value,0,Frequent Buyer
CUST00503,1.1,30.58,50.6,9,0.389,0.751,60.2,desktop,fashion,occasional_browser,3,Occasional Browser
CUST00504,14.4,45.48,24.0,21,0.151,0.052,1.2,mobile,grocery,frequent_buyer,2,Discount-Driven Shopper
CUST00505,3.8,29.0,28.9,8,0.158,0.697,36.6,desktop,grocery,occasional_browser,3,Occasional Browser
CUST00506,7.5,16.79,28.3,9,0.834,0.379,1.8,desktop,beauty,discount_driven,1,High-Value Customer
CUST00507,13.6,37.88,19.9,19,0.075,0.112,3.5,desktop,electronics,frequent_buyer,2,Discount-Driven Shopper
CUST00508,18.7,56.24,33.6,22,0.224,0.112,3.7,desktop,fashion,frequent_buyer,2,Discount-Driven Shopper
CUST00509,17.1,59.91,28.5,20,0.234,0.097,3.7,tablet,fashion,frequent_buyer,2,Discount-Driven Shopper
CUST00510,7.2,13.18,35.8,17,0.776,0.315,17.9,tablet,grocery,discount_driven,1,High-Value Customer
CUST00511,2.4,20.08,42.9,18,0.315,0.704,60.6,desktop,grocery,occasional_browser,3,Occasional Browser
CUST00512,3.4,32.04,40.0,14,0.228,0.727,37.2,desktop,grocery,occasional_browser,3,Occasional Browser
CUST00513,9.6,92.18,23.8,15,0.067,0.188,12.2,desktop,grocery,high_value,0,Frequent Buyer
CUST00514,5.8,122.63,19.5,13,0.062,0.095,7.1,desktop,electronics,high_value,0,Frequent Buyer
CUST00515,6.9,17.29,27.0,12,0.91,0.494,16.1,mobile,beauty,discount_driven,1,High-Value Customer
CUST00516,20.0,41.07,19.8,16,0.196,0.108,3.3,desktop,fashion,frequent_buyer,2,Discount-Driven Shopper
CUST00517,19.7,37.23,24.6,13,0.065,0.143,1.3,tablet,beauty,frequent_buyer,2,Discount-Driven Shopper
CUST00518,22.6,55.31,31.0,23,0.09,0.072,1.1,tablet,grocery,frequent_buyer,2,Discount-Driven Shopper
CUST00519,6.6,106.07,15.3,14,0.014,0.055,14.6,mobile,grocery,high_value,0,Frequent Buyer
CUST00520,10.0,138.44,12.6,20,0.128,0.103,6.6,mobile,home,high_value,0,Frequent Buyer
CUST00521,8.2,137.98,25.0,13,0.082,0.147,9.0,mobile,grocery,high_value,0,Frequent Buyer
CUST00522,10.7,23.98,41.2,10,0.94,0.328,3.4,mobile,fashion,discount_driven,1,High-Value Customer
CUST00523,7.4,21.57,27.8,14,0.847,0.36,6.7,desktop,fashion,discount_driven,1,High-Value Customer
CUST00524,0.0,30.64,28.4,12,0.395,0.794,51.6,mobile,grocery,occasional_browser,3,Occasional Browser
CUST00525,2.5,16.09,31.1,8,0.377,0.572,65.2,mobile,fashion,occasional_browser,3,Occasional Browser
CUST00526,2.7,35.95,53.9,14,0.303,0.818,44.5,desktop,grocery,occasional_browser,3,Occasional Browser
CUST00527,1.8,24.71,36.0,14,0.135,0.614,45.0,mobile,grocery,occasional_browser,3,Occasional Browser
CUST00528,3.1,32.56,40.8,6,0.256,0.843,55.5,desktop,grocery,occasional_browser,3,Occasional Browser
CUST00529,20.4,36.5,20.1,24,0.147,0.094,3.7,mobile,fashion,frequent_buyer,2,Discount-Driven Shopper
CUST00530,0.2,31.87,49.5,8,0.303,0.566,69.9,desktop,electronics,occasional_browser,3,Occasional Browser
CUST00531,7.4,151.51,19.6,19,0.068,0.075,7.6,desktop,electronics,high_value,0,Frequent Buyer
CUST00532,18.2,51.67,23.8,28,0.233,0.181,3.1,mobile,fashion,frequent_buyer,2,Discount-Driven Shopper
CUST00533,10.5,15.38,22.1,12,0.725,0.344,16.5,mobile,fashion,discount_driven,1,High-Value Customer
CUST00534,13.1,127.57,19.0,20,0.142,0.082,1.0,mobile,fashion,high_value,0,Frequent Buyer
CUST00535,2.8,25.43,41.7,13,0.159,0.53,36.1,desktop,fashion,occasional_browser,3,Occasional Browser
CUST00536,2.1,37.71,57.4,8,0.192,0.684,39.8,desktop,beauty,occasional_browser,3,Occasional Browser
CUST00537,9.3,115.42,24.3,12,0.066,0.173,9.3,tablet,electronics,high_value,0,Frequent Buyer
CUST00538,8.2,31.17,22.9,13,0.837,0.357,4.5,desktop,grocery,discount_driven,1,High-Value Customer
CUST00539,2.0,22.85,49.0,9,0.157,0.812,24.8,mobile,fashion,occasional_browser,3,Occasional Browser
CUST00540,17.1,63.86,15.6,15,0.063,0.159,3.1,desktop,fashion,frequent_buyer,2,Discount-Driven Shopper
CUST00541,9.1,150.51,14.8,17,0.011,0.19,10.9,mobile,grocery,high_value,0,Frequent Buyer
CUST00542,7.1,21.32,39.8,17,0.906,0.311,24.0,mobile,beauty,discount_driven,1,High-Value Customer
CUST00543,26.5,61.34,15.4,17,0.186,0.081,3.9,mobile,fashion,frequent_buyer,2,Discount-Driven Shopper
CUST00544,2.6,28.81,21.8,9,0.283,0.634,65.3,mobile,electronics,occasional_browser,3,Occasional Browser
CUST00545,12.2,112.73,14.8,16,0.037,0.084,6.9,mobile,electronics,high_value,0,Frequent Buyer
CUST00546,3.7,22.38,28.2,14,0.807,0.522,10.0,desktop,grocery,discount_driven,1,High-Value Customer
CUST00547,2.1,26.13,51.3,12,0.242,0.501,44.6,mobile,grocery,occasional_browser,3,Occasional Browser
CUST00548,1.8,23.1,45.6,12,0.143,0.767,59.6,desktop,grocery,occasional_browser,3,Occasional Browser
CUST00549,19.3,51.66,24.0,24,0.2,0.2,2.1,mobile,grocery,frequent_buyer,2,Discount-Driven Shopper
CUST00550,19.0,40.79,22.5,20,0.063,0.14,4.3,desktop,electronics,frequent_buyer,2,Discount-Driven Shopper
CUST00551,2.0,33.64,49.2,20,0.283,0.593,46.5,desktop,electronics,occasional_browser,3,Occasional Browser
CUST00552,6.3,151.24,20.1,16,0.021,0.114,1.9,desktop,grocery,high_value,0,Frequent Buyer
CUST00553,1.3,17.71,41.9,15,0.223,0.617,28.4,mobile,home,occasional_browser,3,Occasional Browser
CUST00554,11.7,110.75,16.4,15,0.094,0.105,4.4,mobile,beauty,high_value,0,Frequent Buyer
CUST00555,2.3,40.09,41.6,11,0.342,0.678,45.8,tablet,grocery,occasional_browser,3,Occasional Browser
CUST00556,16.0,50.36,28.3,17,0.062,0.128,4.2,mobile,home,frequent_buyer,2,Discount-Driven Shopper
CUST00557,20.3,40.46,15.6,16,0.237,0.104,1.7,desktop,fashion,frequent_buyer,2,Discount-Driven Shopper
CUST00558,9.5,162.93,26.0,17,0.077,0.1,9.6,desktop,fashion,high_value,0,Frequent Buyer
CUST00559,2.9,20.96,28.3,19,0.735,0.472,7.6,mobile,grocery,discount_driven,1,High-Value Customer
CUST00560,18.7,32.21,21.4,21,0.097,0.08,3.4,desktop,fashion,frequent_buyer,2,Discount-Driven Shopper
CUST00561,15.5,40.35,22.0,14,0.197,0.1,1.2,mobile,electronics,frequent_buyer,2,Discount-Driven Shopper
CUST00562,15.1,63.85,24.2,20,0.221,0.051,1.8,tablet,electronics,frequent_buyer,2,Discount-Driven Shopper
CUST00563,1.9,39.83,41.4,18,0.243,0.792,43.4,mobile,electronics,occasional_browser,3,Occasional Browser
CUST00564,13.3,123.43,25.0,20,0.129,0.144,6.4,desktop,beauty,high_value,0,Frequent Buyer
CUST00565,0.7,23.21,35.0,16,0.371,0.524,26.5,desktop,grocery,occasional_browser,3,Occasional Browser
CUST00566,22.6,35.7,25.4,21,0.084,0.178,3.4,desktop,fashion,frequent_buyer,2,Discount-Driven Shopper
CUST00567,0.8,42.38,49.8,9,0.359,0.729,26.5,mobile,fashion,occasional_browser,3,Occasional Browser
CUST00568,2.0,30.74,34.0,16,0.192,0.708,35.6,mobile,electronics,occasional_browser,3,Occasional Browser
CUST00569,1.8,26.83,33.3,14,0.373,0.533,60.0,desktop,fashion,occasional_browser,3,Occasional Browser
CUST00570,1.9,22.96,25.4,6,0.391,0.827,46.5,desktop,fashion,occasional_browser,3,Occasional Browser
CUST00571,2.6,32.32,37.3,15,0.134,0.526,73.0,desktop,fashion,occasional_browser,3,Occasional Browser
CUST00572,21.0,40.98,18.4,16,0.184,0.126,2.5,desktop,fashion,frequent_buyer,2,Discount-Driven Shopper
CUST00573,9.4,69.59,15.5,18,0.128,0.17,11.0,mobile,beauty,high_value,0,Frequent Buyer
CUST00574,5.9,14.74,11.9,19,0.683,0.465,14.8,mobile,fashion,discount_driven,1,High-Value Customer
CUST00575,15.2,60.54,31.0,18,0.07,0.151,3.5,desktop,electronics,frequent_buyer,2,Discount-Driven Shopper
CUST00576,5.7,23.75,23.2,18,0.845,0.4,9.9,mobile,grocery,discount_driven,1,High-Value Customer
CUST00577,20.3,31.6,31.6,19,0.233,0.2,3.9,mobile,electronics,frequent_buyer,2,Discount-Driven Shopper
CUST00578,13.4,55.3,29.1,18,0.14,0.174,3.5,mobile,fashion,frequent_buyer,2,Discount-Driven Shopper
CUST00579,17.2,27.6,24.3,24,0.161,0.111,2.5,mobile,fashion,frequent_buyer,2,Discount-Driven Shopper
CUST00580,7.9,16.09,46.8,11,0.685,0.531,4.1,mobile,electronics,discount_driven,1,High-Value Customer
CUST00581,9.3,17.06,31.6,19,0.603,0.364,7.0,mobile,electronics,discount_driven,1,High-Value Customer
CUST00582,0.0,35.37,65.0,12,0.327,0.658,48.0,mobile,fashion,occasional_browser,3,Occasional Browser
CUST00583,11.8,107.89,11.6,17,0.145,0.098,5.2,mobile,grocery,high_value,0,Frequent Buyer
CUST00584,1.0,33.95,40.3,9,0.132,0.741,55.3,mobile,beauty,occasional_browser,3,Occasional Browser
CUST00585,7.8,89.86,19.4,13,0.074,0.168,4.6,desktop,electronics,high_value,0,Frequent Buyer
CUST00586,2.2,19.65,39.2,13,0.266,0.685,47.9,desktop,electronics,occasional_browser,3,Occasional Browser
CUST00587,2.7,39.43,65.4,9,0.114,0.718,57.6,mobile,electronics,occasional_browser,3,Occasional Browser
CUST00588,8.5,25.23,19.6,12,0.887,0.446,7.3,mobile,fashion,discount_driven,1,High-Value Customer
CUST00589,15.2,55.05,23.6,21,0.223,0.125,6.1,desktop,electronics,frequent_buyer,2,Discount-Driven Shopper
CUST00590,7.7,99.59,22.7,17,0.053,0.065,5.4,tablet,grocery,high_value,0,Frequent Buyer
CUST00591,0.0,22.26,36.0,10,0.246,0.667,25.4,mobile,fashion,occasional_browser,3,Occasional Browser
CUST00592,17.7,52.97,29.8,21,0.103,0.084,3.2,mobile,fashion,frequent_buyer,2,Discount-Driven Shopper
CUST00593,20.4,58.54,23.5,22,0.148,0.116,2.3,tablet,home,frequent_buyer,2,Discount-Driven Shopper
CUST00594,11.0,21.96,34.0,17,0.754,0.435,12.2,tablet,fashion,discount_driven,1,High-Value Customer
CUST00595,2.1,39.04,21.1,15,0.268,0.526,33.3,desktop,fashion,occasional_browser,3,Occasional Browser
CUST00596,11.9,130.88,14.0,16,0.145,0.167,5.0,mobile,grocery,high_value,0,Frequent Buyer
CUST00597,20.7,50.4,24.8,17,0.157,0.075,2.1,desktop,home,frequent_buyer,2,Discount-Driven Shopper
CUST00598,0.1,19.36,56.3,10,0.345,0.643,61.2,mobile,grocery,occasional_browser,3,Occasional Browser
CUST00599,12.0,25.97,20.1,28,0.203,0.199,2.4,mobile,beauty,frequent_buyer,2,Discount-Driven Shopper
CUST00600,18.4,58.03,25.7,20,0.118,0.194,3.9,mobile,electronics,frequent_buyer,2,Discount-Driven Shopper
CUST00601,3.1,44.26,42.9,14,0.205,0.838,52.7,mobile,fashion,occasional_browser,3,Occasional Browser
CUST00602,3.2,25.74,42.1,15,0.244,0.641,30.2,mobile,fashion,occasional_browser,3,Occasional Browser
CUST00603,1.2,36.94,40.8,13,0.136,0.612,39.6,desktop,fashion,occasional_browser,3,Occasional Browser
CUST00604,9.0,22.87,25.7,18,0.683,0.324,18.1,desktop,grocery,discount_driven,1,High-Value Customer
CUST00605,10.1,91.04,15.6,17,0.064,0.069,7.9,desktop,beauty,high_value,0,Frequent Buyer
CUST00606,1.1,46.08,47.8,9,0.315,0.747,53.0,mobile,fashion,occasional_browser,3,Occasional Browser
CUST00607,7.7,160.12,21.1,12,0.023,0.178,4.1,desktop,fashion,high_value,0,Frequent Buyer
CUST00608,2.0,24.75,22.9,9,0.149,0.627,31.6,mobile,grocery,occasional_browser,3,Occasional Browser
CUST00609,10.0,170.0,20.8,15,0.087,0.143,8.7,mobile,fashion,high_value,0,Frequent Buyer
CUST00610,17.1,40.99,26.3,21,0.162,0.161,1.1,desktop,electronics,frequent_buyer,2,Discount-Driven Shopper
CUST00611,20.8,30.33,24.4,15,0.151,0.138,1.2,mobile,electronics,frequent_buyer,2,Discount-Driven Shopper
CUST00612,28.8,43.63,19.9,21,0.111,0.153,0.0,desktop,fashion,frequent_buyer,2,Discount-Driven Shopper
CUST00613,17.4,43.36,18.9,28,0.088,0.148,3.3,mobile,grocery,frequent_buyer,2,Discount-Driven Shopper
CUST00614,7.7,95.61,21.5,13,0.123,0.176,3.1,mobile,beauty,high_value,0,Frequent Buyer
CUST00615,2.1,31.28,56.0,11,0.387,0.77,52.0,mobile,beauty,occasional_browser,3,Occasional Browser
CUST00616,9.2,20.6,29.3,23,0.774,0.323,9.7,mobile,home,discount_driven,1,High-Value Customer
CUST00617,17.8,46.97,22.3,20,0.23,0.134,3.1,desktop,grocery,frequent_buyer,2,Discount-Driven Shopper
CUST00618,2.1,22.13,27.5,17,0.356,0.549,55.6,mobile,electronics,occasional_browser,3,Occasional Browser
CUST00619,1.6,31.69,30.3,15,0.363,0.785,31.6,mobile,electronics,occasional_browser,3,Occasional Browser
CUST00620,2.5,30.7,65.1,13,0.391,0.597,6.5,desktop,electronics,occasional_browser,3,Occasional Browser
CUST00621,7.7,140.78,18.8,17,0.028,0.084,8.7,desktop,fashion,high_value,0,Frequent Buyer
CUST00622,8.0,23.02,14.1,18,0.714,0.48,15.5,desktop,home,discount_driven,1,High-Value Customer
CUST00623,6.1,24.73,28.1,20,0.695,0.396,10.8,mobile,fashion,discount_driven,1,High-Value Customer
CUST00624,18.7,48.84,27.3,23,0.204,0.113,2.4,desktop,home,frequent_buyer,2,Discount-Driven Shopper
CUST00625,0.4,28.02,41.4,14,0.132,0.7,62.5,mobile,fashion,occasional_browser,3,Occasional Browser
CUST00626,2.0,33.8,59.6,13,0.346,0.51,22.8,desktop,fashion,occasional_browser,3,Occasional Browser
CUST00627,6.4,12.25,38.0,13,0.696,0.483,19.4,mobile,fashion,discount_driven,1,High-Value Customer
CUST00628,9.7,31.53,28.3,12,0.852,0.469,18.9,desktop,fashion,discount_driven,1,High-Value Customer
CUST00629,14.1,39.48,27.3,25,0.139,0.192,10.0,mobile,grocery,frequent_buyer,2,Discount-Driven Shopper
CUST00630,21.5,35.96,21.7,17,0.233,0.176,4.5,desktop,beauty,frequent_buyer,2,Discount-Driven Shopper
CUST00631,2.2,31.91,24.2,14,0.366,0.794,36.5,desktop,electronics,occasional_browser,3,Occasional Browser
CUST00632,7.9,22.87,21.9,16,0.722,0.47,9.8,mobile,electronics,discount_driven,1,High-Value Customer
CUST00633,15.2,42.76,21.8,20,0.155,0.183,3.2,desktop,home,frequent_buyer,2,Discount-Driven Shopper
CUST00634,5.9,19.33,26.6,18,0.824,0.33,8.2,mobile,grocery,discount_driven,1,High-Value Customer
CUST00635,2.2,37.58,45.1,14,0.157,0.539,33.7,desktop,grocery,occasional_browser,3,Occasional Browser
CUST00636,2.5,26.1,48.3,15,0.109,0.754,26.8,desktop,fashion,occasional_browser,3,Occasional Browser
CUST00637,1.4,34.23,40.1,13,0.38,0.683,29.7,tablet,electronics,occasional_browser,3,Occasional Browser
CUST00638,1.1,41.72,61.0,12,0.182,0.559,70.7,desktop,grocery,occasional_browser,3,Occasional Browser
CUST00639,22.8,49.69,18.9,21,0.142,0.177,2.6,desktop,electronics,frequent_buyer,2,Discount-Driven Shopper
CUST00640,11.0,121.59,15.5,17,0.051,0.051,8.9,mobile,electronics,high_value,0,Frequent Buyer
CUST00641,7.5,16.81,16.4,13,0.804,0.314,14.2,mobile,grocery,discount_driven,1,High-Value Customer
CUST00642,1.2,29.0,34.0,14,0.116,0.648,46.8,desktop,fashion,occasional_browser,3,Occasional Browser
CUST00643,1.5,33.84,38.9,13,0.202,0.806,55.6,desktop,grocery,occasional_browser,3,Occasional Browser
CUST00644,15.5,132.03,13.3,15,0.148,0.107,6.0,mobile,electronics,high_value,0,Frequent Buyer
CUST00645,1.8,21.52,67.1,14,0.301,0.836,63.0,mobile,electronics,occasional_browser,3,Occasional Browser
CUST00646,12.2,23.43,31.0,21,0.894,0.462,12.7,mobile,fashion,discount_driven,1,High-Value Customer
CUST00647,9.1,139.33,21.5,18,0.112,0.116,7.6,mobile,grocery,high_value,0,Frequent Buyer
CUST00648,9.2,14.98,21.7,19,0.775,0.47,10.5,mobile,fashion,discount_driven,1,High-Value Customer
CUST00649,18.4,50.15,19.1,22,0.104,0.17,6.0,mobile,fashion,frequent_buyer,2,Discount-Driven Shopper
CUST00650,1.5,39.77,40.2,11,0.285,0.668,22.9,mobile,fashion,occasional_browser,3,Occasional Browser
CUST00651,23.4,57.49,21.6,21,0.176,0.193,5.7,desktop,beauty,frequent_buyer,2,Discount-Driven Shopper
CUST00652,2.3,13.74,28.1,9,0.344,0.513,41.3,mobile,grocery,occasional_browser,3,Occasional Browser
CUST00653,17.7,57.39,16.3,18,0.196,0.07,4.3,mobile,beauty,frequent_buyer,2,Discount-Driven Shopper
CUST00654,19.4,48.21,20.0,23,0.152,0.07,2.2,desktop,fashion,frequent_buyer,2,Discount-Driven Shopper
CUST00655,20.4,48.37,15.3,17,0.053,0.136,0.5,mobile,fashion,frequent_buyer,2,Discount-Driven Shopper
CUST00656,5.4,26.86,34.0,12,0.814,0.518,17.8,mobile,fashion,discount_driven,1,High-Value Customer
CUST00657,1.5,19.31,55.3,10,0.128,0.679,41.1,desktop,fashion,occasional_browser,3,Occasional Browser
CUST00658,15.7,119.3,21.4,18,0.041,0.061,7.8,desktop,fashion,high_value,0,Frequent Buyer
CUST00659,13.5,27.29,14.8,16,0.206,0.164,2.1,mobile,fashion,frequent_buyer,2,Discount-Driven Shopper
CUST00660,9.9,134.5,23.2,13,0.102,0.141,11.9,desktop,fashion,high_value,0,Frequent Buyer
CUST00661,24.5,40.87,24.1,16,0.244,0.056,1.3,desktop,electronics,frequent_buyer,2,Discount-Driven Shopper
CUST00662,7.7,100.77,19.2,15,0.049,0.197,5.6,mobile,fashion,high_value,0,Frequent Buyer
CUST00663,7.4,15.96,30.7,13,0.827,0.352,15.1,mobile,electronics,discount_driven,1,High-Value Customer
CUST00664,3.1,31.84,35.0,14,0.374,0.808,52.5,tablet,electronics,occasional_browser,3,Occasional Browser
CUST00665,2.5,41.68,46.4,12,0.17,0.53,29.0,mobile,fashion,occasional_browser,3,Occasional Browser
CUST00666,0.2,33.71,52.2,11,0.193,0.669,68.8,mobile,beauty,occasional_browser,3,Occasional Browser
CUST00667,3.0,19.78,44.1,10,0.374,0.713,53.0,desktop,fashion,occasional_browser,3,Occasional Browser
CUST00668,2.1,38.25,29.6,9,0.204,0.847,61.1,mobile,fashion,occasional_browser,3,Occasional Browser
CUST00669,2.3,24.89,41.6,11,0.353,0.64,8.0,mobile,beauty,occasional_browser,3,Occasional Browser
CUST00670,19.7,54.38,19.2,17,0.117,0.138,1.8,mobile,grocery,frequent_buyer,2,Discount-Driven Shopper
CUST00671,19.8,50.29,25.9,18,0.126,0.169,1.9,desktop,fashion,frequent_buyer,2,Discount-Driven Shopper
CUST00672,20.6,44.37,21.1,21,0.211,0.091,2.3,mobile,grocery,frequent_buyer,2,Discount-Driven Shopper
CUST00673,1.0,28.77,45.1,13,0.296,0.771,28.4,desktop,fashion,occasional_browser,3,Occasional Browser
CUST00674,16.5,25.08,17.3,18,0.098,0.069,3.8,desktop,electronics,frequent_buyer,2,Discount-Driven Shopper
CUST00675,14.3,35.53,35.1,22,0.157,0.19,2.8,desktop,grocery,frequent_buyer,2,Discount-Driven Shopper
CUST00676,19.4,43.73,30.7,10,0.22,0.084,4.3,mobile,fashion,frequent_buyer,2,Discount-Driven Shopper
CUST00677,19.0,29.98,22.6,17,0.233,0.111,2.3,mobile,beauty,frequent_buyer,2,Discount-Driven Shopper
CUST00678,2.3,25.26,53.7,12,0.159,0.719,52.6,desktop,electronics,occasional_browser,3,Occasional Browser
CUST00679,11.8,42.89,19.8,24,0.215,0.139,2.9,mobile,fashion,frequent_buyer,2,Discount-Driven Shopper
CUST00680,17.7,71.85,29.8,16,0.208,0.07,7.0,mobile,grocery,frequent_buyer,2,Discount-Driven Shopper
CUST00681,1.2,43.19,37.8,15,0.221,0.513,71.8,mobile,fashion,occasional_browser,3,Occasional Browser
CUST00682,2.4,25.26,52.4,14,0.159,0.813,27.8,mobile,grocery,occasional_browser,3,Occasional Browser
CUST00683,21.3,44.99,27.2,17,0.164,0.122,5.7,tablet,electronics,frequent_buyer,2,Discount-Driven Shopper
CUST00684,9.9,158.33,24.1,12,0.099,0.186,4.8,tablet,electronics,high_value,0,Frequent Buyer
CUST00685,1.6,35.77,25.6,12,0.2,0.616,34.4,mobile,fashion,occasional_browser,3,Occasional Browser
CUST00686,19.1,49.77,34.0,23,0.187,0.05,5.7,tablet,electronics,frequent_buyer,2,Discount-Driven Shopper
CUST00687,12.8,107.81,28.2,14,0.07,0.181,4.6,mobile,grocery,high_value,0,Frequent Buyer
CUST00688,3.4,26.01,33.3,9,0.274,0.841,37.8,desktop,fashion,occasional_browser,3,Occasional Browser
CUST00689,0.0,32.45,38.6,9,0.176,0.818,63.7,mobile,grocery,occasional_browser,3,Occasional Browser
CUST00690,9.7,26.98,20.7,15,0.877,0.501,9.7,desktop,electronics,discount_driven,1,High-Value Customer
CUST00691,9.2,99.58,17.9,10,0.071,0.185,6.9,desktop,grocery,high_value,0,Frequent Buyer
CUST00692,1.9,40.81,39.1,9,0.366,0.727,44.8,mobile,electronics,occasional_browser,3,Occasional Browser
CUST00693,2.3,21.79,34.6,10,0.108,0.753,53.1,mobile,home,occasional_browser,3,Occasional Browser
CUST00694,9.1,23.47,32.4,7,0.875,0.323,3.4,mobile,beauty,discount_driven,1,High-Value Customer
CUST00695,1.0,35.3,39.8,11,0.254,0.584,48.4,desktop,home,occasional_browser,3,Occasional Browser
CUST00696,1.0,35.95,46.5,12,0.292,0.801,45.2,tablet,home,occasional_browser,3,Occasional Browser
CUST00697,6.6,19.01,34.5,7,0.849,0.353,18.0,desktop,home,discount_driven,1,High-Value Customer
CUST00698,12.0,94.28,17.0,8,0.043,0.075,10.9,mobile,grocery,high_value,0,Frequent Buyer
CUST00699,7.6,126.7,20.6,14,0.125,0.123,8.9,mobile,beauty,high_value,0,Frequent Buyer
CUST00700,9.0,30.87,11.5,21,0.828,0.542,16.5,desktop,fashion,discount_driven,1,High-Value Customer
CUST00701,17.9,37.72,30.4,26,0.158,0.12,1.4,mobile,electronics,frequent_buyer,2,Discount-Driven Shopper
CUST00702,1.0,19.76,28.4,10,0.349,0.697,47.1,desktop,grocery,occasional_browser,3,Occasional Browser
CUST00703,17.2,26.59,13.8,24,0.105,0.171,0.8,desktop,beauty,frequent_buyer,2,Discount-Driven Shopper
CUST00704,1.0,38.34,35.5,11,0.12,0.501,61.9,mobile,fashion,occasional_browser,3,Occasional Browser
CUST00705,1.7,35.7,45.1,10,0.213,0.666,56.2,mobile,beauty,occasional_browser,3,Occasional Browser
CUST00706,18.7,54.14,18.6,9,0.088,0.1,2.9,desktop,grocery,frequent_buyer,0,Frequent Buyer
CUST00707,18.3,43.17,25.4,17,0.102,0.138,1.4,mobile,beauty,frequent_buyer,2,Discount-Driven Shopper
CUST00708,1.2,40.88,48.0,10,0.353,0.571,54.5,desktop,grocery,occasional_browser,3,Occasional Browser
CUST00709,18.6,61.0,27.6,21,0.07,0.096,3.6,mobile,electronics,frequent_buyer,2,Discount-Driven Shopper
CUST00710,2.1,32.09,44.8,13,0.335,0.554,75.2,mobile,fashion,occasional_browser,3,Occasional Browser
CUST00711,1.8,22.51,39.3,12,0.141,0.767,38.9,mobile,fashion,occasional_browser,3,Occasional Browser
CUST00712,2.7,31.26,50.7,14,0.3,0.742,47.6,desktop,electronics,occasional_browser,3,Occasional Browser
CUST00713,18.9,44.13,31.8,19,0.06,0.072,2.2,mobile,fashion,frequent_buyer,2,Discount-Driven Shopper
CUST00714,4.8,118.99,11.7,16,0.016,0.123,10.3,desktop,fashion,high_value,0,Frequent Buyer
CUST00715,22.7,30.94,16.3,13,0.165,0.073,2.2,tablet,grocery,frequent_buyer,2,Discount-Driven Shopper
CUST00716,15.5,55.39,28.2,13,0.213,0.17,4.5,desktop,electronics,frequent_buyer,2,Discount-Driven Shopper
CUST00717,6.9,19.06,14.2,18,0.701,0.364,7.6,tablet,grocery,discount_driven,1,High-Value Customer
CUST00718,23.4,38.31,30.7,20,0.113,0.08,1.8,tablet,fashion,frequent_buyer,2,Discount-Driven Shopper
CUST00719,1.5,25.93,31.2,8,0.298,0.603,37.1,mobile,electronics,occasional_browser,3,Occasional Browser
CUST00720,16.7,48.71,22.1,21,0.112,0.072,5.1,desktop,grocery,frequent_buyer,2,Discount-Driven Shopper
CUST00721,0.8,16.39,40.0,12,0.326,0.788,44.5,desktop,electronics,occasional_browser,3,Occasional Browser
CUST00722,10.1,13.92,29.7,9,0.748,0.443,6.4,tablet,fashion,discount_driven,1,High-Value Customer
CUST00723,12.4,20.89,31.9,15,0.823,0.509,9.1,mobile,fashion,discount_driven,1,High-Value Customer
CUST00724,12.2,80.12,17.0,14,0.147,0.172,9.9,desktop,home,high_value,0,Frequent Buyer
CUST00725,3.0,30.1,27.1,7,0.225,0.691,42.0,mobile,home,occasional_browser,3,Occasional Browser
CUST00726,26.9,28.16,34.7,25,0.242,0.125,4.0,mobile,fashion,frequent_buyer,2,Discount-Driven Shopper
CUST00727,20.9,44.49,28.1,20,0.147,0.196,2.9,mobile,electronics,frequent_buyer,2,Discount-Driven Shopper
CUST00728,8.1,34.8,36.4,25,0.652,0.4,12.0,tablet,home,discount_driven,1,High-Value Customer
CUST00729,22.8,35.95,35.9,16,0.112,0.141,2.3,desktop,electronics,frequent_buyer,2,Discount-Driven Shopper
CUST00730,8.0,17.01,28.6,14,0.761,0.387,16.0,desktop,beauty,discount_driven,1,High-Value Customer
CUST00731,21.8,52.59,18.5,23,0.178,0.126,4.2,desktop,beauty,frequent_buyer,2,Discount-Driven Shopper
CUST00732,2.5,33.53,37.3,14,0.31,0.754,59.2,tablet,beauty,occasional_browser,3,Occasional Browser
CUST00733,13.0,148.07,21.1,11,0.064,0.073,7.1,tablet,fashion,high_value,0,Frequent Buyer
CUST00734,3.4,7.76,29.7,11,0.186,0.556,30.0,mobile,electronics,occasional_browser,3,Occasional Browser
CUST00735,22.1,51.14,29.6,20,0.192,0.162,3.9,desktop,fashion,frequent_buyer,2,Discount-Driven Shopper
CUST00736,16.0,39.83,17.3,18,0.197,0.067,5.3,desktop,fashion,frequent_buyer,2,Discount-Driven Shopper
CUST00737,19.6,30.09,26.6,13,0.232,0.177,2.2,mobile,grocery,frequent_buyer,2,Discount-Driven Shopper
CUST00738,18.0,37.33,23.1,24,0.12,0.172,1.9,mobile,electronics,frequent_buyer,2,Discount-Driven Shopper
CUST00739,0.4,12.62,39.2,12,0.202,0.838,79.9,mobile,fashion,occasional_browser,3,Occasional Browser
CUST00740,18.5,45.0,22.4,15,0.203,0.124,2.9,mobile,electronics,frequent_buyer,2,Discount-Driven Shopper
CUST00741,22.8,48.29,19.5,17,0.154,0.073,4.5,mobile,electronics,frequent_buyer,2,Discount-Driven Shopper
CUST00742,3.6,18.11,48.7,12,0.194,0.661,41.1,mobile,grocery,occasional_browser,3,Occasional Browser
CUST00743,1.3,33.34,21.8,8,0.26,0.795,35.1,desktop,electronics,occasional_browser,3,Occasional Browser
CUST00744,2.1,35.36,51.2,9,0.339,0.774,29.6,mobile,fashion,occasional_browser,3,Occasional Browser
CUST00745,1.8,30.19,40.5,8,0.398,0.728,45.6,mobile,electronics,occasional_browser,3,Occasional Browser
CUST00746,15.8,43.87,29.8,17,0.141,0.086,3.4,desktop,beauty,frequent_buyer,2,Discount-Driven Shopper
CUST00747,19.7,53.04,22.3,22,0.14,0.154,5.1,mobile,electronics,frequent_buyer,2,Discount-Driven Shopper
CUST00748,20.6,46.18,29.9,22,0.233,0.075,2.3,desktop,home,frequent_buyer,2,Discount-Driven Shopper
CUST00749,5.8,136.8,8.3,10,0.028,0.109,8.0,mobile,grocery,high_value,0,Frequent Buyer
CUST00750,7.4,16.69,30.0,15,0.714,0.34,15.5,mobile,electronics,discount_driven,1,High-Value Customer
CUST00751,11.0,65.04,19.9,16,0.017,0.072,3.0,mobile,beauty,high_value,0,Frequent Buyer
CUST00752,17.1,59.93,29.0,22,0.15,0.158,4.5,mobile,grocery,frequent_buyer,2,Discount-Driven Shopper
CUST00753,9.2,144.71,17.1,11,0.109,0.066,5.7,desktop,electronics,high_value,0,Frequent Buyer
CUST00754,7.3,14.86,41.5,14,0.884,0.367,8.4,mobile,beauty,discount_driven,1,High-Value Customer
CUST00755,2.0,32.21,33.0,7,0.151,0.767,51.6,mobile,grocery,occasional_browser,3,Occasional Browser
CUST00756,19.0,38.66,18.2,18,0.178,0.148,3.9,tablet,beauty,frequent_buyer,2,Discount-Driven Shopper
CUST00757,18.4,58.97,23.2,15,0.16,0.152,0.7,mobile,electronics,frequent_buyer,2,Discount-Driven Shopper
CUST00758,11.1,25.11,40.9,11,0.692,0.49,19.4,desktop,fashion,discount_driven,1,High-Value Customer
CUST00759,13.3,58.81,30.1,22,0.188,0.127,6.2,desktop,grocery,frequent_buyer,2,Discount-Driven Shopper
CUST00760,16.2,37.15,26.5,24,0.059,0.056,0.0,mobile,grocery,frequent_buyer,2,Discount-Driven Shopper
CUST00761,18.6,56.44,10.7,23,0.082,0.068,6.1,tablet,electronics,frequent_buyer,2,Discount-Driven Shopper
CUST00762,6.9,22.88,40.7,9,0.839,0.499,15.8,mobile,fashion,discount_driven,1,High-Value Customer
CUST00763,3.4,30.28,31.0,11,0.112,0.599,50.5,mobile,fashion,occasional_browser,3,Occasional Browser
CUST00764,13.3,58.36,13.8,24,0.247,0.071,5.1,mobile,fashion,frequent_buyer,2,Discount-Driven Shopper
CUST00765,11.6,15.48,54.8,8,0.751,0.548,11.0,mobile,beauty,discount_driven,1,High-Value Customer
CUST00766,8.9,22.6,28.7,11,0.803,0.536,17.2,desktop,grocery,discount_driven,1,High-Value Customer
CUST00767,15.7,50.61,21.7,23,0.236,0.105,2.3,mobile,electronics,frequent_buyer,2,Discount-Driven Shopper
CUST00768,20.0,54.81,27.8,21,0.059,0.19,5.7,desktop,grocery,frequent_buyer,2,Discount-Driven Shopper
CUST00769,2.7,36.26,56.6,11,0.288,0.799,39.3,mobile,grocery,occasional_browser,3,Occasional Browser
CUST00770,17.7,53.64,24.4,20,0.204,0.128,5.0,mobile,electronics,frequent_buyer,2,Discount-Driven Shopper
CUST00771,7.0,14.51,27.7,4,0.693,0.476,8.9,mobile,grocery,discount_driven,1,High-Value Customer
CUST00772,20.1,24.63,32.8,23,0.1,0.11,6.1,mobile,beauty,frequent_buyer,2,Discount-Driven Shopper
CUST00773,19.9,61.2,27.3,21,0.1,0.13,4.7,mobile,grocery,frequent_buyer,2,Discount-Driven Shopper
CUST00774,3.2,29.03,54.4,10,0.382,0.687,62.8,desktop,electronics,occasional_browser,3,Occasional Browser
CUST00775,2.4,21.33,42.7,4,0.119,0.792,36.0,desktop,beauty,occasional_browser,3,Occasional Browser
CUST00776,2.5,18.88,50.3,9,0.195,0.584,54.2,desktop,electronics,occasional_browser,3,Occasional Browser
CUST00777,7.6,22.54,29.9,9,0.697,0.434,7.6,mobile,fashion,discount_driven,1,High-Value Customer
CUST00778,1.6,40.97,56.5,19,0.38,0.503,62.2,mobile,electronics,occasional_browser,3,Occasional Browser
CUST00779,7.2,17.94,28.2,23,0.947,0.357,11.4,desktop,beauty,discount_driven,1,High-Value Customer
CUST00780,21.8,30.48,24.4,21,0.081,0.126,4.9,mobile,beauty,frequent_buyer,2,Discount-Driven Shopper
CUST00781,10.4,48.25,28.0,17,0.235,0.106,3.5,desktop,electronics,frequent_buyer,2,Discount-Driven Shopper
CUST00782,0.4,40.03,57.1,10,0.174,0.776,16.4,desktop,fashion,occasional_browser,3,Occasional Browser
CUST00783,13.4,37.03,23.8,25,0.15,0.128,0.6,mobile,electronics,frequent_buyer,2,Discount-Driven Shopper
CUST00784,1.7,23.8,47.2,13,0.202,0.544,29.4,mobile,electronics,occasional_browser,3,Occasional Browser
CUST00785,2.0,39.88,36.0,10,0.234,0.566,48.8,desktop,fashion,occasional_browser,3,Occasional Browser
CUST00786,0.3,35.19,43.7,14,0.327,0.625,36.4,tablet,fashion,occasional_browser,3,Occasional Browser
CUST00787,9.7,16.27,15.0,12,0.663,0.491,13.7,tablet,fashion,discount_driven,1,High-Value Customer
CUST00788,10.8,23.42,21.3,12,0.627,0.503,15.6,tablet,grocery,discount_driven,1,High-Value Customer
CUST00789,18.1,54.78,27.6,22,0.237,0.176,4.8,mobile,grocery,frequent_buyer,2,Discount-Driven Shopper
CUST00790,3.6,49.76,29.0,18,0.289,0.506,35.5,mobile,electronics,occasional_browser,3,Occasional Browser
CUST00791,1.2,20.12,39.6,17,0.364,0.639,32.3,desktop,grocery,occasional_browser,3,Occasional Browser
CUST00792,5.4,21.04,36.6,21,0.932,0.389,11.8,mobile,grocery,discount_driven,1,High-Value Customer
CUST00793,2.3,29.99,32.1,12,0.393,0.795,27.5,tablet,fashion,occasional_browser,3,Occasional Browser
CUST00794,5.0,18.26,22.3,12,0.807,0.474,14.7,mobile,grocery,discount_driven,1,High-Value Customer
CUST00795,17.8,55.19,16.6,17,0.171,0.182,1.6,mobile,grocery,frequent_buyer,2,Discount-Driven Shopper
CUST00796,6.7,135.81,15.3,17,0.077,0.138,3.9,mobile,grocery,high_value,0,Frequent Buyer
CUST00797,1.9,29.14,58.0,13,0.115,0.524,53.2,mobile,grocery,occasional_browser,3,Occasional Browser
CUST00798,11.1,171.23,13.6,14,0.085,0.148,11.6,tablet,electronics,high_value,0,Frequent Buyer
CUST00799,16.5,46.28,26.0,21,0.183,0.101,3.2,desktop,electronics,frequent_buyer,2,Discount-Driven Shopper
CUST00800,1.3,18.78,48.8,13,0.139,0.684,68.5,mobile,electronics,occasional_browser,3,Occasional Browser
CUST00801,9.4,105.82,18.6,12,0.013,0.155,8.9,desktop,beauty,high_value,0,Frequent Buyer
CUST00802,1.7,31.55,37.9,7,0.395,0.511,66.2,tablet,grocery,occasional_browser,3,Occasional Browser
CUST00803,1.3,30.73,43.4,11,0.206,0.732,10.0,mobile,electronics,occasional_browser,3,Occasional Browser
CUST00804,2.7,12.27,31.5,11,0.392,0.505,47.6,desktop,grocery,occasional_browser,3,Occasional Browser
CUST00805,18.8,47.06,22.1,13,0.121,0.061,4.5,mobile,home,frequent_buyer,2,Discount-Driven Shopper
CUST00806,19.6,47.22,21.5,12,0.142,0.089,0.1,desktop,grocery,frequent_buyer,2,Discount-Driven Shopper
CUST00807,2.8,25.88,51.4,9,0.136,0.559,57.8,desktop,fashion,occasional_browser,3,Occasional Browser
CUST00808,6.7,114.9,14.6,17,0.024,0.051,10.7,desktop,electronics,high_value,0,Frequent Buyer
CUST00809,18.4,16.73,16.6,24,0.192,0.075,3.4,desktop,electronics,frequent_buyer,2,Discount-Driven Shopper
CUST00810,21.6,44.35,20.3,17,0.24,0.197,3.3,mobile,home,frequent_buyer,2,Discount-Driven Shopper
CUST00811,18.3,40.02,22.4,17,0.215,0.083,4.1,mobile,electronics,frequent_buyer,2,Discount-Driven Shopper
CUST00812,7.4,118.4,9.6,11,0.07,0.197,2.8,mobile,fashion,high_value,0,Frequent Buyer
CUST00813,16.7,39.35,34.8,24,0.171,0.061,4.4,mobile,electronics,frequent_buyer,2,Discount-Driven Shopper
CUST00814,6.6,12.91,15.6,20,0.634,0.476,11.0,mobile,fashion,discount_driven,1,High-Value Customer
CUST00815,14.0,53.5,34.0,20,0.226,0.176,0.7,desktop,grocery,frequent_buyer,2,Discount-Driven Shopper
CUST00816,9.0,19.85,28.1,15,0.709,0.518,18.1,mobile,electronics,discount_driven,1,High-Value Customer
CUST00817,14.8,58.52,20.3,22,0.1,0.073,2.8,mobile,electronics,frequent_buyer,2,Discount-Driven Shopper
CUST00818,11.1,113.52,12.3,14,0.068,0.165,4.7,desktop,fashion,high_value,0,Frequent Buyer
CUST00819,9.5,15.52,23.7,17,0.92,0.316,12.2,desktop,electronics,discount_driven,1,High-Value Customer
CUST00820,20.7,22.62,24.1,18,0.222,0.12,2.3,mobile,fashion,frequent_buyer,2,Discount-Driven Shopper
CUST00821,14.9,55.22,15.1,18,0.144,0.188,4.7,desktop,fashion,frequent_buyer,2,Discount-Driven Shopper
CUST00822,0.0,20.98,50.3,11,0.34,0.821,51.5,desktop,beauty,occasional_browser,3,Occasional Browser
CUST00823,1.4,34.5,33.4,13,0.252,0.557,62.8,tablet,fashion,occasional_browser,3,Occasional Browser
CUST00824,17.1,55.94,43.6,20,0.19,0.188,3.9,mobile,home,frequent_buyer,2,Discount-Driven Shopper
CUST00825,1.3,17.79,36.6,15,0.28,0.541,43.2,desktop,fashion,occasional_browser,3,Occasional Browser
CUST00826,16.1,50.17,41.0,24,0.135,0.114,5.0,mobile,fashion,frequent_buyer,2,Discount-Driven Shopper
CUST00827,6.6,32.63,39.5,11,0.626,0.529,0.2,mobile,electronics,discount_driven,1,High-Value Customer
CUST00828,6.0,17.21,27.4,10,0.869,0.352,17.6,tablet,fashion,discount_driven,1,High-Value Customer
CUST00829,1.8,22.6,34.0,10,0.252,0.735,45.1,tablet,home,occasional_browser,3,Occasional Browser
CUST00830,11.8,120.0,23.6,13,0.097,0.113,5.6,mobile,fashion,high_value,0,Frequent Buyer
CUST00831,2.2,24.8,36.1,13,0.256,0.773,34.3,mobile,grocery,occasional_browser,3,Occasional Browser
CUST00832,1.5,21.66,42.1,7,0.353,0.61,40.3,desktop,fashion,occasional_browser,3,Occasional Browser
CUST00833,2.1,44.21,26.1,17,0.33,0.649,62.8,desktop,grocery,occasional_browser,3,Occasional Browser
CUST00834,4.3,153.21,12.1,16,0.126,0.147,10.0,mobile,beauty,high_value,0,Frequent Buyer
CUST00835,18.8,45.41,23.6,19,0.064,0.146,4.3,desktop,fashion,frequent_buyer,2,Discount-Driven Shopper
CUST00836,3.3,23.45,49.0,16,0.181,0.565,43.6,desktop,fashion,occasional_browser,3,Occasional Browser
CUST00837,4.6,20.5,29.3,13,0.637,0.526,11.6,mobile,electronics,discount_driven,1,High-Value Customer
CUST00838,1.5,39.95,53.4,12,0.275,0.513,42.9,mobile,grocery,occasional_browser,3,Occasional Browser
CUST00839,8.3,110.06,21.8,12,0.146,0.12,5.1,mobile,fashion,high_value,0,Frequent Buyer
CUST00840,0.2,28.17,40.4,14,0.11,0.529,26.6,mobile,beauty,occasional_browser,3,Occasional Browser
CUST00841,0.2,30.11,53.2,15,0.359,0.666,47.9,mobile,fashion,occasional_browser,3,Occasional Browser
CUST00842,20.9,52.29,34.2,22,0.122,0.068,2.3,tablet,beauty,frequent_buyer,2,Discount-Driven Shopper
CUST00843,12.4,111.44,23.2,16,0.122,0.063,12.1,desktop,home,high_value,0,Frequent Buyer
CUST00844,2.2,29.6,51.0,9,0.22,0.628,38.3,desktop,grocery,occasional_browser,3,Occasional Browser
CUST00845,0.6,39.56,33.0,14,0.314,0.703,36.9,mobile,fashion,occasional_browser,3,Occasional Browser
CUST00846,6.5,23.63,36.9,20,0.797,0.541,13.4,mobile,grocery,discount_driven,1,High-Value Customer
CUST00847,0.6,23.37,42.1,8,0.165,0.57,56.7,tablet,grocery,occasional_browser,3,Occasional Browser
CUST00848,2.7,33.77,36.4,10,0.242,0.644,68.1,tablet,fashion,occasional_browser,3,Occasional Browser
CUST00849,12.3,166.42,17.5,14,0.019,0.163,3.4,mobile,home,high_value,0,Frequent Buyer
CUST00850,17.7,52.45,23.5,22,0.054,0.128,0.2,desktop,electronics,frequent_buyer,2,Discount-Driven Shopper
CUST00851,3.8,37.92,50.5,14,0.193,0.699,43.1,desktop,grocery,occasional_browser,3,Occasional Browser
CUST00852,2.5,21.74,46.1,9,0.374,0.665,41.8,desktop,home,occasional_browser,3,Occasional Browser
CUST00853,3.7,22.22,27.9,21,0.711,0.481,14.9,tablet,beauty,discount_driven,1,High-Value Customer
CUST00854,19.8,50.29,27.4,23,0.086,0.096,5.3,mobile,grocery,frequent_buyer,2,Discount-Driven Shopper
CUST00855,2.7,33.82,16.5,10,0.218,0.716,48.2,desktop,fashion,occasional_browser,3,Occasional Browser
CUST00856,1.0,30.99,45.2,12,0.303,0.613,22.3,mobile,grocery,occasional_browser,3,Occasional Browser
CUST00857,17.9,51.62,27.7,17,0.137,0.088,4.7,mobile,home,frequent_buyer,2,Discount-Driven Shopper
CUST00858,9.7,22.05,28.6,13,0.867,0.476,11.2,desktop,fashion,discount_driven,1,High-Value Customer
CUST00859,8.2,18.27,41.8,7,0.75,0.542,19.2,tablet,grocery,discount_driven,1,High-Value Customer
CUST00860,9.2,14.72,37.7,10,0.695,0.426,13.8,tablet,grocery,discount_driven,1,High-Value Customer
CUST00861,16.0,34.88,28.0,21,0.154,0.199,2.2,mobile,fashion,frequent_buyer,2,Discount-Driven Shopper
CUST00862,12.5,20.27,28.6,14,0.779,0.334,21.4,mobile,electronics,discount_driven,1,High-Value Customer
CUST00863,23.2,47.81,26.6,16,0.191,0.118,3.7,desktop,beauty,frequent_buyer,2,Discount-Driven Shopper
CUST00864,7.3,15.8,27.0,24,0.802,0.365,14.0,tablet,electronics,discount_driven,1,High-Value Customer
CUST00865,3.3,22.76,35.4,16,0.105,0.716,25.0,mobile,fashion,occasional_browser,3,Occasional Browser
CUST00866,21.2,29.27,21.6,16,0.156,0.141,1.6,mobile,fashion,frequent_buyer,2,Discount-Driven Shopper
CUST00867,1.9,18.18,28.2,6,0.303,0.722,80.3,mobile,electronics,occasional_browser,3,Occasional Browser
CUST00868,4.9,13.15,35.5,20,0.921,0.54,16.0,mobile,home,discount_driven,1,High-Value Customer
CUST00869,10.2,26.88,31.6,14,0.605,0.461,5.2,mobile,fashion,discount_driven,1,High-Value Customer
CUST00870,7.4,19.81,21.5,19,0.838,0.316,14.1,mobile,fashion,discount_driven,1,High-Value Customer
CUST00871,8.7,115.2,18.7,14,0.072,0.077,4.5,mobile,fashion,high_value,0,Frequent Buyer
CUST00872,7.8,37.57,16.9,16,0.141,0.172,2.7,desktop,fashion,frequent_buyer,2,Discount-Driven Shopper
CUST00873,1.5,30.17,30.8,17,0.234,0.806,39.0,mobile,fashion,occasional_browser,3,Occasional Browser
CUST00874,7.9,25.41,28.2,23,0.764,0.41,14.1,mobile,fashion,discount_driven,1,High-Value Customer
CUST00875,13.1,47.53,23.1,23,0.08,0.064,2.9,mobile,electronics,frequent_buyer,2,Discount-Driven Shopper
CUST00876,7.5,30.02,31.8,15,0.86,0.546,7.7,desktop,electronics,discount_driven,1,High-Value Customer
CUST00877,20.1,60.72,27.9,18,0.135,0.194,4.3,desktop,fashion,frequent_buyer,2,Discount-Driven Shopper
CUST00878,12.7,149.71,18.1,16,0.134,0.196,7.9,desktop,fashion,high_value,0,Frequent Buyer
CUST00879,11.0,98.98,12.9,11,0.036,0.181,8.0,mobile,grocery,high_value,0,Frequent Buyer
CUST00880,20.8,30.91,35.8,14,0.168,0.147,0.8,mobile,home,frequent_buyer,2,Discount-Driven Shopper
CUST00881,17.3,38.49,23.3,20,0.123,0.091,0.0,desktop,fashion,frequent_buyer,2,Discount-Driven Shopper
CUST00882,18.2,48.76,21.7,19,0.235,0.169,3.7,tablet,grocery,frequent_buyer,2,Discount-Driven Shopper
CUST00883,2.4,27.98,34.6,10,0.181,0.606,72.6,tablet,electronics,occasional_browser,3,Occasional Browser
CUST00884,2.1,28.76,35.0,13,0.334,0.752,63.1,mobile,electronics,occasional_browser,3,Occasional Browser
CUST00885,6.9,20.54,40.2,17,0.805,0.549,20.1,desktop,home,discount_driven,1,High-Value Customer
CUST00886,1.7,23.54,45.1,12,0.118,0.73,49.8,desktop,grocery,occasional_browser,3,Occasional Browser
CUST00887,10.2,17.55,31.8,21,0.654,0.363,16.0,mobile,fashion,discount_driven,1,High-Value Customer
CUST00888,2.6,31.69,35.8,7,0.374,0.567,34.7,mobile,home,occasional_browser,3,Occasional Browser
CUST00889,3.6,13.3,53.4,11,0.176,0.648,52.0,mobile,grocery,occasional_browser,3,Occasional Browser
CUST00890,12.5,31.44,17.9,17,0.13,0.161,4.4,tablet,fashion,frequent_buyer,2,Discount-Driven Shopper
CUST00891,7.3,22.25,30.0,14,0.786,0.35,16.8,mobile,fashion,discount_driven,1,High-Value Customer
CUST00892,1.2,42.08,52.1,10,0.322,0.71,51.8,mobile,beauty,occasional_browser,3,Occasional Browser
CUST00893,13.3,34.31,12.9,17,0.118,0.171,1.0,mobile,grocery,frequent_buyer,2,Discount-Driven Shopper
CUST00894,18.7,39.94,25.9,23,0.06,0.178,2.0,desktop,fashion,frequent_buyer,2,Discount-Driven Shopper
CUST00895,1.7,32.0,46.5,7,0.174,0.674,43.0,tablet,beauty,occasional_browser,3,Occasional Browser
CUST00896,10.7,15.01,16.7,23,0.7,0.542,6.3,desktop,fashion,discount_driven,1,High-Value Customer
CUST00897,0.8,43.16,42.7,16,0.113,0.562,47.8,tablet,electronics,occasional_browser,3,Occasional Browser
CUST00898,12.2,97.04,14.9,8,0.024,0.146,9.9,mobile,fashion,high_value,0,Frequent Buyer
CUST00899,23.0,43.62,21.0,16,0.119,0.162,2.4,mobile,beauty,frequent_buyer,2,Discount-Driven Shopper
CUST00900,21.1,38.01,33.8,16,0.215,0.19,2.7,desktop,fashion,frequent_buyer,2,Discount-Driven Shopper
CUST00901,16.6,38.0,29.0,14,0.239,0.057,4.0,mobile,fashion,frequent_buyer,2,Discount-Driven Shopper
CUST00902,16.9,38.16,22.3,15,0.135,0.119,3.4,mobile,electronics,frequent_buyer,2,Discount-Driven Shopper
CUST00903,3.9,31.58,60.1,9,0.352,0.739,42.2,tablet,fashion,occasional_browser,3,Occasional Browser
CUST00904,0.6,34.71,40.0,15,0.176,0.645,57.8,mobile,grocery,occasional_browser,3,Occasional Browser
CUST00905,10.3,153.64,20.2,18,0.107,0.096,12.0,mobile,grocery,high_value,0,Frequent Buyer
CUST00906,2.1,24.89,46.5,12,0.119,0.768,33.9,desktop,beauty,occasional_browser,3,Occasional Browser
CUST00907,8.8,124.73,21.8,12,0.025,0.155,5.0,mobile,grocery,high_value,0,Frequent Buyer
CUST00908,21.3,41.26,27.9,21,0.248,0.063,3.9,mobile,beauty,frequent_buyer,2,Discount-Driven Shopper
CUST00909,1.8,38.73,46.9,13,0.113,0.701,40.4,mobile,beauty,occasional_browser,3,Occasional Browser
CUST00910,12.1,122.5,20.5,15,0.01,0.076,8.3,mobile,fashion,high_value,0,Frequent Buyer
CUST00911,10.3,27.55,18.1,15,0.734,0.436,6.6,desktop,electronics,discount_driven,1,High-Value Customer
CUST00912,9.8,156.76,13.7,14,0.05,0.051,6.0,mobile,home,high_value,0,Frequent Buyer
CUST00913,18.4,45.06,40.8,26,0.128,0.097,1.8,mobile,electronics,frequent_buyer,2,Discount-Driven Shopper
CUST00914,0.8,24.08,31.1,18,0.357,0.6,34.9,mobile,fashion,occasional_browser,3,Occasional Browser
CUST00915,17.2,65.09,22.1,16,0.095,0.182,7.1,desktop,grocery,frequent_buyer,2,Discount-Driven Shopper
CUST00916,6.4,18.09,30.0,11,0.838,0.314,9.3,desktop,electronics,discount_driven,1,High-Value Customer
CUST00917,1.9,33.18,45.5,11,0.225,0.837,56.2,mobile,home,occasional_browser,3,Occasional Browser
CUST00918,2.3,40.37,44.1,8,0.373,0.827,37.9,mobile,electronics,occasional_browser,3,Occasional Browser
CUST00919,2.2,22.45,39.3,11,0.191,0.75,44.7,desktop,grocery,occasional_browser,3,Occasional Browser
CUST00920,15.9,28.58,20.2,23,0.189,0.19,3.7,desktop,beauty,frequent_buyer,2,Discount-Driven Shopper
CUST00921,9.4,90.02,9.5,14,0.079,0.094,6.1,mobile,home,high_value,0,Frequent Buyer
CUST00922,23.8,28.84,17.4,23,0.149,0.14,2.5,mobile,fashion,frequent_buyer,2,Discount-Driven Shopper
CUST00923,2.9,22.59,45.2,14,0.319,0.679,35.8,desktop,fashion,occasional_browser,3,Occasional Browser
CUST00924,11.4,19.29,24.3,8,0.855,0.318,10.7,mobile,grocery,discount_driven,1,High-Value Customer
CUST00925,3.8,25.69,46.0,12,0.279,0.505,30.9,tablet,electronics,occasional_browser,3,Occasional Browser
CUST00926,16.8,31.6,21.7,18,0.248,0.056,4.3,mobile,electronics,frequent_buyer,2,Discount-Driven Shopper
CUST00927,18.7,46.81,21.5,22,0.077,0.053,2.7,desktop,fashion,frequent_buyer,2,Discount-Driven Shopper
CUST00928,16.2,40.35,26.6,15,0.2,0.07,4.7,desktop,electronics,frequent_buyer,2,Discount-Driven Shopper
CUST00929,2.4,28.84,21.3,15,0.385,0.615,55.4,mobile,grocery,occasional_browser,3,Occasional Browser
CUST00930,16.6,48.88,25.1,18,0.171,0.072,3.1,desktop,beauty,frequent_buyer,2,Discount-Driven Shopper
CUST00931,22.5,44.05,24.8,15,0.129,0.142,3.3,mobile,beauty,frequent_buyer,2,Discount-Driven Shopper
CUST00932,8.8,121.56,11.5,17,0.048,0.159,4.1,mobile,beauty,high_value,0,Frequent Buyer
CUST00933,16.2,44.98,19.9,16,0.179,0.068,3.0,desktop,electronics,frequent_buyer,2,Discount-Driven Shopper
CUST00934,10.1,111.88,20.7,17,0.025,0.116,8.7,mobile,fashion,high_value,0,Frequent Buyer
CUST00935,4.0,19.0,41.2,10,0.821,0.358,0.0,mobile,grocery,discount_driven,1,High-Value Customer
CUST00936,2.4,21.65,45.9,8,0.106,0.745,57.2,desktop,fashion,occasional_browser,3,Occasional Browser
CUST00937,11.3,120.95,26.6,17,0.01,0.075,8.1,desktop,fashion,high_value,0,Frequent Buyer
CUST00938,0.1,19.6,32.3,9,0.317,0.753,51.0,desktop,electronics,occasional_browser,3,Occasional Browser
CUST00939,15.3,42.89,28.1,24,0.151,0.101,5.1,mobile,grocery,frequent_buyer,2,Discount-Driven Shopper
CUST00940,2.2,41.05,34.8,12,0.34,0.683,37.9,desktop,electronics,occasional_browser,3,Occasional Browser
CUST00941,10.8,99.69,17.7,20,0.129,0.066,1.7,mobile,beauty,high_value,0,Frequent Buyer
CUST00942,16.7,73.86,28.3,16,0.073,0.151,0.0,mobile,beauty,frequent_buyer,2,Discount-Driven Shopper
CUST00943,16.3,39.15,30.9,22,0.144,0.159,4.3,mobile,beauty,frequent_buyer,2,Discount-Driven Shopper
CUST00944,20.6,49.73,24.4,20,0.161,0.111,1.8,mobile,grocery,frequent_buyer,2,Discount-Driven Shopper
CUST00945,20.2,57.68,29.7,16,0.101,0.076,4.3,mobile,fashion,frequent_buyer,2,Discount-Driven Shopper
CUST00946,2.5,29.58,20.7,14,0.261,0.777,61.0,mobile,fashion,occasional_browser,3,Occasional Browser
CUST00947,19.3,34.95,23.4,15,0.211,0.094,4.0,mobile,electronics,frequent_buyer,2,Discount-Driven Shopper
CUST00948,7.2,125.66,14.7,15,0.102,0.052,6.9,mobile,fashion,high_value,0,Frequent Buyer
CUST00949,8.8,136.96,21.5,9,0.063,0.195,7.4,desktop,fashion,high_value,0,Frequent Buyer
CUST00950,1.4,30.9,39.6,11,0.372,0.844,60.8,mobile,fashion,occasional_browser,3,Occasional Browser
CUST00951,7.3,125.02,23.9,13,0.099,0.109,8.4,tablet,fashion,high_value,0,Frequent Buyer
CUST00952,18.8,47.62,22.1,19,0.132,0.074,1.5,tablet,electronics,frequent_buyer,2,Discount-Driven Shopper
CUST00953,21.5,34.66,30.0,17,0.162,0.095,5.4,tablet,electronics,frequent_buyer,2,Discount-Driven Shopper
CUST00954,1.1,17.44,44.5,9,0.279,0.792,53.0,desktop,beauty,occasional_browser,3,Occasional Browser
CUST00955,21.0,45.45,29.7,21,0.159,0.126,3.4,mobile,beauty,frequent_buyer,2,Discount-Driven Shopper
CUST00956,0.5,28.42,36.9,11,0.24,0.801,59.3,mobile,electronics,occasional_browser,3,Occasional Browser
CUST00957,6.9,21.05,29.0,20,0.633,0.477,5.1,mobile,fashion,discount_driven,1,High-Value Customer
CUST00958,9.9,139.38,11.1,12,0.145,0.183,7.2,mobile,electronics,high_value,0,Frequent Buyer
CUST00959,1.9,35.49,39.0,6,0.332,0.559,56.4,mobile,beauty,occasional_browser,3,Occasional Browser
CUST00960,2.8,32.11,29.9,5,0.176,0.63,23.7,mobile,fashion,occasional_browser,3,Occasional Browser
CUST00961,9.9,15.15,31.1,13,0.677,0.32,7.0,desktop,fashion,discount_driven,1,High-Value Customer
CUST00962,15.8,59.02,23.4,20,0.199,0.083,2.6,mobile,electronics,frequent_buyer,2,Discount-Driven Shopper
CUST00963,10.6,47.2,12.8,8,0.071,0.165,7.7,desktop,grocery,high_value,0,Frequent Buyer
CUST00964,1.6,28.28,57.2,13,0.387,0.706,23.1,mobile,electronics,occasional_browser,3,Occasional Browser
CUST00965,1.9,26.71,57.6,8,0.107,0.814,3.5,desktop,home,occasional_browser,3,Occasional Browser
CUST00966,3.6,20.19,37.1,11,0.381,0.832,63.5,mobile,home,occasional_browser,3,Occasional Browser
CUST00967,3.4,19.66,53.6,16,0.371,0.678,60.5,desktop,home,occasional_browser,3,Occasional Browser
CUST00968,17.2,43.42,28.5,13,0.182,0.105,2.5,desktop,electronics,frequent_buyer,2,Discount-Driven Shopper
CUST00969,1.8,27.73,42.1,10,0.144,0.556,38.7,desktop,fashion,occasional_browser,3,Occasional Browser
CUST00970,19.2,51.29,16.9,22,0.06,0.194,2.0,mobile,grocery,frequent_buyer,2,Discount-Driven Shopper
CUST00971,11.4,44.78,16.4,22,0.063,0.144,5.7,mobile,fashion,frequent_buyer,2,Discount-Driven Shopper
CUST00972,14.3,65.41,33.1,14,0.105,0.076,1.8,mobile,electronics,frequent_buyer,2,Discount-Driven Shopper
CUST00973,12.0,168.67,10.3,11,0.036,0.13,7.7,desktop,beauty,high_value,0,Frequent Buyer
CUST00974,19.6,35.23,23.9,15,0.164,0.161,3.7,desktop,fashion,frequent_buyer,2,Discount-Driven Shopper
CUST00975,12.7,21.22,34.4,18,0.946,0.302,4.0,mobile,home,discount_driven,1,High-Value Customer
CUST00976,1.6,25.89,48.3,14,0.186,0.65,43.2,mobile,fashion,occasional_browser,3,Occasional Browser
CUST00977,14.8,54.26,29.9,18,0.052,0.145,0.6,desktop,beauty,frequent_buyer,2,Discount-Driven Shopper
CUST00978,15.5,40.28,25.4,12,0.159,0.151,0.0,mobile,fashion,frequent_buyer,2,Discount-Driven Shopper
CUST00979,0.2,37.95,28.6,14,0.195,0.837,25.5,desktop,home,occasional_browser,3,Occasional Browser
CUST00980,14.1,45.47,26.7,12,0.216,0.11,4.5,mobile,beauty,frequent_buyer,2,Discount-Driven Shopper
CUST00981,12.0,50.69,28.4,14,0.092,0.099,4.3,mobile,beauty,frequent_buyer,2,Discount-Driven Shopper
CUST00982,2.3,35.86,51.7,14,0.231,0.515,39.2,mobile,beauty,occasional_browser,3,Occasional Browser
CUST00983,9.3,21.61,20.0,17,0.619,0.454,12.6,mobile,home,discount_driven,1,High-Value Customer
CUST00984,9.0,81.75,17.3,13,0.046,0.175,8.9,mobile,fashion,high_value,0,Frequent Buyer
CUST00985,8.4,111.92,11.3,17,0.044,0.192,6.9,desktop,grocery,high_value,0,Frequent Buyer
CUST00986,2.3,27.53,38.6,13,0.319,0.733,42.3,mobile,grocery,occasional_browser,3,Occasional Browser
CUST00987,2.5,33.07,30.1,13,0.33,0.524,36.8,desktop,home,occasional_browser,3,Occasional Browser
CUST00988,2.7,30.31,18.7,8,0.277,0.76,43.0,tablet,beauty,occasional_browser,3,Occasional Browser
CUST00989,3.8,30.66,39.7,16,0.135,0.653,49.8,desktop,electronics,occasional_browser,3,Occasional Browser
CUST00990,21.4,44.07,27.7,21,0.244,0.098,2.4,mobile,fashion,frequent_buyer,2,Discount-Driven Shopper
CUST00991,8.2,15.77,25.1,13,0.677,0.444,11.5,mobile,fashion,discount_driven,1,High-Value Customer
CUST00992,6.6,20.97,28.7,18,0.734,0.378,14.0,mobile,electronics,discount_driven,1,High-Value Customer
CUST00993,15.4,58.04,30.2,13,0.137,0.197,4.9,mobile,home,frequent_buyer,2,Discount-Driven Shopper
CUST00994,0.4,46.48,31.6,13,0.181,0.657,35.9,desktop,home,occasional_browser,3,Occasional Browser
CUST00995,12.4,113.26,17.0,21,0.133,0.177,9.9,mobile,beauty,high_value,0,Frequent Buyer
CUST00996,16.0,38.9,26.6,23,0.169,0.094,10.0,mobile,beauty,frequent_buyer,2,Discount-Driven Shopper
CUST00997,1.6,16.96,35.0,13,0.278,0.706,29.6,mobile,fashion,occasional_browser,3,Occasional Browser
CUST00998,3.5,27.59,42.5,12,0.366,0.649,50.5,mobile,home,occasional_browser,3,Occasional Browser
CUST00999,11.7,171.71,14.6,19,0.114,0.109,5.4,mobile,fashion,high_value,0,Frequent Buyer
CUST01000,20.3,64.16,19.6,15,0.144,0.134,2.0,mobile,grocery,frequent_buyer,2,Discount-Driven Shopper
CUST01001,1.0,17.2,43.2,12,0.305,0.592,59.7,mobile,beauty,occasional_browser,3,Occasional Browser
CUST01002,2.4,32.58,36.5,7,0.222,0.846,48.3,desktop,grocery,occasional_browser,3,Occasional Browser
CUST01003,9.6,96.07,16.8,14,0.081,0.183,3.6,desktop,home,high_value,0,Frequent Buyer
CUST01004,2.8,37.59,51.2,11,0.39,0.671,31.5,mobile,fashion,occasional_browser,3,Occasional Browser
CUST01005,18.5,24.66,23.1,23,0.072,0.192,4.4,desktop,electronics,frequent_buyer,2,Discount-Driven Shopper
CUST01006,6.7,43.07,28.6,15,0.126,0.171,2.4,desktop,home,frequent_buyer,2,Discount-Driven Shopper
CUST01007,3.6,24.07,54.1,12,0.314,0.629,26.9,desktop,home,occasional_browser,3,Occasional Browser
CUST01008,15.6,47.74,22.8,15,0.121,0.147,2.0,mobile,grocery,frequent_buyer,2,Discount-Driven Shopper
CUST01009,16.2,24.98,13.8,19,0.173,0.056,5.6,desktop,fashion,frequent_buyer,2,Discount-Driven Shopper
CUST01010,19.6,46.51,34.6,17,0.148,0.098,1.3,mobile,fashion,frequent_buyer,2,Discount-Driven Shopper
CUST01011,3.0,16.22,41.0,12,0.343,0.682,32.6,mobile,home,occasional_browser,3,Occasional Browser
CUST01012,22.2,27.4,28.9,26,0.055,0.103,0.0,desktop,fashion,frequent_buyer,2,Discount-Driven Shopper
CUST01013,15.7,33.15,25.5,24,0.156,0.194,2.7,desktop,beauty,frequent_buyer,2,Discount-Driven Shopper
CUST01014,6.0,102.69,15.7,11,0.138,0.069,9.6,mobile,electronics,high_value,0,Frequent Buyer
CUST01015,9.3,21.63,34.5,16,0.645,0.322,13.0,desktop,beauty,discount_driven,1,High-Value Customer
CUST01016,18.6,32.75,21.4,19,0.13,0.155,3.7,mobile,beauty,frequent_buyer,2,Discount-Driven Shopper
CUST01017,12.7,167.81,9.3,13,0.07,0.118,2.1,mobile,electronics,high_value,0,Frequent Buyer
CUST01018,2.6,33.5,48.0,14,0.137,0.788,52.3,mobile,beauty,occasional_browser,3,Occasional Browser
CUST01019,2.5,11.36,28.2,15,0.176,0.633,54.6,desktop,fashion,occasional_browser,3,Occasional Browser
CUST01020,18.0,58.37,23.9,23,0.228,0.187,0.0,mobile,electronics,frequent_buyer,2,Discount-Driven Shopper
CUST01021,12.2,92.84,10.7,9,0.026,0.067,1.4,mobile,beauty,high_value,0,Frequent Buyer
CUST01022,21.2,51.31,20.4,23,0.074,0.163,2.1,mobile,fashion,frequent_buyer,2,Discount-Driven Shopper
CUST01023,6.5,22.72,35.6,13,0.91,0.311,4.4,tablet,grocery,discount_driven,1,High-Value Customer
CUST01024,4.5,19.91,52.2,16,0.121,0.59,19.4,mobile,electronics,occasional_browser,3,Occasional Browser
CUST01025,12.8,27.22,18.4,12,0.828,0.334,19.9,mobile,beauty,discount_driven,1,High-Value Customer
CUST01026,10.2,132.4,15.6,9,0.019,0.125,8.3,mobile,grocery,high_value,0,Frequent Buyer
CUST01027,19.8,41.37,34.3,19,0.168,0.097,5.3,desktop,home,frequent_buyer,2,Discount-Driven Shopper
CUST01028,16.7,41.17,28.2,17,0.213,0.18,3.0,desktop,fashion,frequent_buyer,2,Discount-Driven Shopper
CUST01029,3.3,37.92,54.3,12,0.389,0.553,39.4,mobile,fashion,occasional_browser,3,Occasional Browser
CUST01030,7.8,106.8,19.4,17,0.099,0.084,9.7,mobile,beauty,high_value,0,Frequent Buyer
CUST01031,10.4,24.38,19.9,24,0.866,0.317,8.4,mobile,grocery,discount_driven,1,High-Value Customer
CUST01032,9.9,20.89,37.3,10,0.85,0.476,12.5,tablet,fashion,discount_driven,1,High-Value Customer
CUST01033,1.6,42.35,53.1,13,0.167,0.62,50.7,mobile,fashion,occasional_browser,3,Occasional Browser
CUST01034,22.4,53.25,26.0,22,0.076,0.086,2.2,mobile,beauty,frequent_buyer,2,Discount-Driven Shopper
CUST01035,2.6,25.03,45.0,14,0.361,0.722,37.8,mobile,grocery,occasional_browser,3,Occasional Browser
CUST01036,2.7,14.74,23.1,5,0.288,0.511,51.4,tablet,home,occasional_browser,3,Occasional Browser
CUST01037,1.8,34.65,46.1,12,0.371,0.777,65.9,desktop,fashion,occasional_browser,3,Occasional Browser
CUST01038,0.0,38.86,44.3,11,0.275,0.846,72.9,desktop,beauty,occasional_browser,3,Occasional Browser
CUST01039,11.9,146.42,16.1,19,0.071,0.12,5.0,mobile,grocery,high_value,0,Frequent Buyer
CUST01040,1.6,29.9,37.9,18,0.28,0.623,32.9,mobile,electronics,occasional_browser,3,Occasional Browser
CUST01041,16.1,52.37,16.8,9,0.162,0.173,4.6,mobile,electronics,frequent_buyer,0,Frequent Buyer
CUST01042,3.3,34.04,38.9,11,0.224,0.8,41.8,desktop,beauty,occasional_browser,3,Occasional Browser
CUST01043,1.0,32.42,24.6,13,0.32,0.74,30.7,mobile,grocery,occasional_browser,3,Occasional Browser
CUST01044,16.4,25.71,21.7,21,0.154,0.162,4.6,desktop,grocery,frequent_buyer,2,Discount-Driven Shopper
CUST01045,11.8,34.81,25.6,26,0.191,0.184,2.7,mobile,fashion,frequent_buyer,2,Discount-Driven Shopper
CUST01046,10.9,102.68,24.7,11,0.023,0.153,5.8,mobile,electronics,high_value,0,Frequent Buyer
CUST01047,8.5,21.13,25.0,14,0.847,0.39,13.3,desktop,beauty,discount_driven,1,High-Value Customer
CUST01048,1.0,12.05,53.4,9,0.174,0.738,76.4,desktop,fashion,occasional_browser,3,Occasional Browser
CUST01049,9.5,149.46,16.1,14,0.104,0.171,4.2,mobile,grocery,high_value,0,Frequent Buyer
CUST01050,19.3,31.1,13.4,19,0.057,0.153,2.9,desktop,grocery,frequent_buyer,2,Discount-Driven Shopper
CUST01051,1.6,29.34,32.4,12,0.262,0.812,62.4,mobile,electronics,occasional_browser,3,Occasional Browser
CUST01052,9.9,27.29,31.0,13,0.906,0.366,15.1,mobile,fashion,discount_driven,1,High-Value Customer
CUST01053,12.4,94.69,23.1,16,0.044,0.127,11.5,mobile,home,high_value,0,Frequent Buyer
CUST01054,1.1,37.63,33.1,10,0.159,0.725,55.0,mobile,beauty,occasional_browser,3,Occasional Browser
CUST01055,2.1,27.62,29.0,14,0.132,0.724,59.2,desktop,fashion,occasional_browser,3,Occasional Browser
CUST01056,18.2,28.92,15.3,14,0.092,0.069,3.5,mobile,electronics,frequent_buyer,2,Discount-Driven Shopper
CUST01057,15.2,61.65,37.0,24,0.244,0.06,0.7,mobile,home,frequent_buyer,2,Discount-Driven Shopper
CUST01058,16.5,54.02,32.5,28,0.056,0.138,2.0,desktop,fashion,frequent_buyer,2,Discount-Driven Shopper
CUST01059,2.6,25.63,24.0,11,0.324,0.722,34.3,desktop,beauty,occasional_browser,3,Occasional Browser
CUST01060,10.2,13.53,20.0,12,0.61,0.328,10.4,mobile,grocery,discount_driven,1,High-Value Customer
CUST01061,11.5,108.38,20.4,14,0.143,0.166,7.5,desktop,electronics,high_value,0,Frequent Buyer
CUST01062,2.4,39.87,32.5,16,0.363,0.605,41.0,desktop,electronics,occasional_browser,3,Occasional Browser
CUST01063,2.2,13.33,44.2,8,0.274,0.572,53.0,mobile,electronics,occasional_browser,3,Occasional Browser
CUST01064,21.6,49.64,32.3,21,0.14,0.166,1.7,mobile,fashion,frequent_buyer,2,Discount-Driven Shopper
CUST01065,2.7,36.82,32.9,17,0.377,0.526,36.2,mobile,fashion,occasional_browser,3,Occasional Browser
CUST01066,9.3,22.72,33.6,8,0.931,0.362,19.6,desktop,grocery,discount_driven,1,High-Value Customer
CUST01067,12.9,40.9,32.1,14,0.218,0.078,0.2,mobile,beauty,frequent_buyer,2,Discount-Driven Shopper
CUST01068,14.0,56.77,26.1,30,0.137,0.173,3.7,tablet,grocery,frequent_buyer,2,Discount-Driven Shopper
CUST01069,11.6,119.03,18.0,16,0.026,0.149,7.7,desktop,fashion,high_value,0,Frequent Buyer
CUST01070,8.6,22.06,48.6,15,0.645,0.301,17.7,desktop,fashion,discount_driven,1,High-Value Customer
CUST01071,1.0,26.04,30.6,12,0.201,0.633,13.0,mobile,beauty,occasional_browser,3,Occasional Browser
CUST01072,3.6,13.83,24.7,13,0.624,0.308,7.2,desktop,grocery,discount_driven,1,High-Value Customer
CUST01073,3.6,31.43,42.8,10,0.14,0.808,32.3,desktop,electronics,occasional_browser,3,Occasional Browser
CUST01074,10.0,136.31,24.0,12,0.001,0.154,3.2,mobile,grocery,high_value,0,Frequent Buyer
CUST01075,2.0,30.71,36.2,7,0.322,0.656,53.9,desktop,electronics,occasional_browser,3,Occasional Browser
CUST01076,10.3,20.44,30.9,17,0.826,0.354,12.7,desktop,grocery,discount_driven,1,High-Value Customer
CUST01077,3.4,33.81,28.6,7,0.366,0.641,57.8,mobile,home,occasional_browser,3,Occasional Browser
CUST01078,18.8,44.63,36.4,22,0.091,0.097,2.9,mobile,fashion,frequent_buyer,2,Discount-Driven Shopper
CUST01079,18.8,44.82,23.0,23,0.135,0.15,2.0,mobile,fashion,frequent_buyer,2,Discount-Driven Shopper
CUST01080,5.6,142.32,17.6,12,0.041,0.137,7.6,desktop,grocery,high_value,0,Frequent Buyer
CUST01081,19.6,35.65,23.0,25,0.189,0.08,2.9,desktop,home,frequent_buyer,2,Discount-Driven Shopper
CUST01082,18.5,36.64,27.0,21,0.241,0.125,0.7,mobile,fashion,frequent_buyer,2,Discount-Driven Shopper
CUST01083,1.9,41.73,36.6,16,0.176,0.614,44.9,mobile,beauty,occasional_browser,3,Occasional Browser
CUST01084,15.5,59.74,22.3,20,0.083,0.19,3.9,desktop,beauty,frequent_buyer,2,Discount-Driven Shopper
CUST01085,3.0,41.84,37.7,11,0.265,0.658,50.4,mobile,home,occasional_browser,3,Occasional Browser
CUST01086,9.5,21.75,25.5,14,0.805,0.484,7.2,mobile,fashion,discount_driven,1,High-Value Customer
CUST01087,12.0,31.48,18.8,19,0.789,0.347,13.6,desktop,electronics,discount_driven,1,High-Value Customer
CUST01088,7.4,124.41,12.9,12,0.06,0.077,2.5,mobile,beauty,high_value,0,Frequent Buyer
CUST01089,21.0,56.14,36.0,22,0.237,0.15,3.7,mobile,grocery,frequent_buyer,2,Discount-Driven Shopper
CUST01090,4.8,25.74,30.5,11,0.622,0.406,14.7,mobile,fashion,discount_driven,1,High-Value Customer
CUST01091,5.2,12.67,25.1,13,0.779,0.338,6.7,desktop,beauty,discount_driven,1,High-Value Customer
CUST01092,2.4,29.25,34.7,16,0.24,0.699,42.1,desktop,grocery,occasional_browser,3,Occasional Browser
CUST01093,6.6,18.82,35.0,17,0.94,0.532,14.8,desktop,fashion,discount_driven,1,High-Value Customer
CUST01094,21.5,27.8,28.2,25,0.141,0.082,1.8,mobile,beauty,frequent_buyer,2,Discount-Driven Shopper
CUST01095,11.0,168.44,11.2,8,0.009,0.118,5.6,mobile,electronics,high_value,0,Frequent Buyer
CUST01096,12.5,109.08,17.8,15,0.126,0.137,15.4,mobile,fashion,high_value,0,Frequent Buyer
CUST01097,1.4,32.23,47.2,13,0.19,0.719,45.7,desktop,fashion,occasional_browser,3,Occasional Browser
CUST01098,3.3,38.55,27.6,13,0.167,0.664,47.4,mobile,electronics,occasional_browser,3,Occasional Browser
CUST01099,0.3,19.56,30.7,9,0.208,0.846,49.9,desktop,fashion,occasional_browser,3,Occasional Browser
CUST01100,11.8,143.81,17.6,15,0.124,0.197,6.3,mobile,electronics,high_value,0,Frequent Buyer
CUST01101,2.3,29.03,47.4,6,0.221,0.639,10.0,desktop,electronics,occasional_browser,3,Occasional Browser
CUST01102,0.6,32.56,47.5,17,0.189,0.645,66.1,desktop,fashion,occasional_browser,3,Occasional Browser
CUST01103,1.6,29.81,34.4,17,0.258,0.54,61.6,desktop,fashion,occasional_browser,3,Occasional Browser
CUST01104,3.8,24.94,53.8,17,0.335,0.733,31.7,desktop,fashion,occasional_browser,3,Occasional Browser
CUST01105,2.6,46.08,20.3,12,0.251,0.557,33.3,desktop,electronics,occasional_browser,3,Occasional Browser
CUST01106,7.5,25.37,27.0,21,0.787,0.467,17.2,mobile,fashion,discount_driven,1,High-Value Customer
CUST01107,8.4,114.8,17.6,21,0.041,0.121,9.0,desktop,fashion,high_value,0,Frequent Buyer
CUST01108,2.6,14.83,52.5,11,0.259,0.71,30.7,tablet,beauty,occasional_browser,3,Occasional Browser
CUST01109,17.1,41.81,26.7,18,0.191,0.198,4.9,desktop,beauty,frequent_buyer,2,Discount-Driven Shopper
CUST01110,2.1,36.96,53.5,17,0.226,0.534,52.4,mobile,fashion,occasional_browser,3,Occasional Browser
CUST01111,6.5,20.87,22.1,10,0.797,0.37,13.7,mobile,grocery,discount_driven,1,High-Value Customer
CUST01112,1.7,33.05,40.5,10,0.116,0.584,37.6,desktop,electronics,occasional_browser,3,Occasional Browser
CUST01113,19.8,40.74,20.7,21,0.06,0.059,0.5,mobile,grocery,frequent_buyer,2,Discount-Driven Shopper
CUST01114,2.0,28.59,50.2,14,0.132,0.802,45.9,mobile,fashion,occasional_browser,3,Occasional Browser
CUST01115,2.5,19.25,19.3,15,0.359,0.731,34.0,desktop,electronics,occasional_browser,3,Occasional Browser
CUST01116,19.4,40.61,23.0,24,0.1,0.106,2.8,desktop,grocery,frequent_buyer,2,Discount-Driven Shopper
CUST01117,15.7,51.89,19.3,23,0.247,0.134,2.0,mobile,electronics,frequent_buyer,2,Discount-Driven Shopper
CUST01118,2.4,17.86,32.3,10,0.326,0.516,49.7,mobile,beauty,occasional_browser,3,Occasional Browser
CUST01119,1.8,43.49,41.3,10,0.222,0.611,31.6,mobile,home,occasional_browser,3,Occasional Browser
CUST01120,4.0,23.21,40.5,13,0.152,0.507,61.6,mobile,fashion,occasional_browser,3,Occasional Browser
CUST01121,1.4,32.85,33.2,9,0.165,0.637,72.8,tablet,home,occasional_browser,3,Occasional Browser
CUST01122,19.8,61.21,27.9,26,0.123,0.132,3.6,mobile,electronics,frequent_buyer,2,Discount-Driven Shopper
CUST01123,10.1,118.09,20.3,15,0.109,0.169,10.6,desktop,fashion,high_value,0,Frequent Buyer
CUST01124,10.4,26.8,23.5,17,0.752,0.369,2.8,tablet,fashion,discount_driven,1,High-Value Customer
CUST01125,1.1,26.05,43.3,16,0.284,0.787,28.7,mobile,grocery,occasional_browser,3,Occasional Browser
CUST01126,1.4,19.86,44.9,12,0.307,0.743,41.8,mobile,grocery,occasional_browser,3,Occasional Browser
CUST01127,10.9,120.48,19.7,11,0.074,0.079,4.5,mobile,fashion,high_value,0,Frequent Buyer
CUST01128,20.8,40.83,15.8,27,0.203,0.074,2.7,desktop,beauty,frequent_buyer,2,Discount-Driven Shopper
CUST01129,7.9,15.08,35.0,21,0.635,0.399,12.9,mobile,home,discount_driven,1,High-Value Customer
CUST01130,10.0,89.59,15.5,19,0.032,0.094,3.0,desktop,home,high_value,0,Frequent Buyer
CUST01131,15.4,40.55,27.7,25,0.07,0.192,3.3,mobile,grocery,frequent_buyer,2,Discount-Driven Shopper
CUST01132,8.6,136.84,12.9,14,0.078,0.086,8.7,desktop,home,high_value,0,Frequent Buyer
CUST01133,10.4,156.56,31.6,9,0.074,0.17,4.6,mobile,fashion,high_value,0,Frequent Buyer
CUST01134,19.1,27.65,28.3,21,0.22,0.19,1.8,tablet,beauty,frequent_buyer,2,Discount-Driven Shopper
CUST01135,11.0,16.69,40.3,15,0.749,0.315,5.7,tablet,fashion,discount_driven,1,High-Value Customer
CUST01136,8.4,24.4,30.9,9,0.704,0.425,16.7,desktop,beauty,discount_driven,1,High-Value Customer
CUST01137,1.6,35.23,34.0,13,0.13,0.697,69.3,mobile,fashion,occasional_browser,3,Occasional Browser
CUST01138,8.7,145.77,17.0,9,0.051,0.079,3.9,desktop,electronics,high_value,0,Frequent Buyer
CUST01139,17.2,49.94,25.8,21,0.166,0.15,4.2,mobile,fashion,frequent_buyer,2,Discount-Driven Shopper
CUST01140,4.4,16.15,36.4,13,0.786,0.535,17.4,desktop,grocery,discount_driven,1,High-Value Customer
CUST01141,19.4,47.3,28.8,14,0.13,0.052,2.4,desktop,beauty,frequent_buyer,2,Discount-Driven Shopper
CUST01142,15.6,47.61,33.5,19,0.123,0.143,2.4,mobile,fashion,frequent_buyer,2,Discount-Driven Shopper
CUST01143,2.3,34.58,46.3,15,0.162,0.539,52.9,desktop,electronics,occasional_browser,3,Occasional Browser
CUST01144,20.7,41.05,25.5,19,0.139,0.068,1.9,mobile,grocery,frequent_buyer,2,Discount-Driven Shopper
CUST01145,12.4,181.46,20.1,14,0.007,0.077,4.3,desktop,grocery,high_value,0,Frequent Buyer
CUST01146,2.4,41.17,48.4,13,0.116,0.603,29.3,tablet,electronics,occasional_browser,3,Occasional Browser
CUST01147,1.9,24.24,47.6,11,0.135,0.609,48.5,desktop,electronics,occasional_browser,3,Occasional Browser
CUST01148,11.0,19.95,32.3,23,0.876,0.503,10.0,mobile,electronics,discount_driven,1,High-Value Customer
CUST01149,2.1,31.33,31.5,14,0.354,0.645,44.2,desktop,home,occasional_browser,3,Occasional Browser
CUST01150,7.7,15.31,23.4,20,0.861,0.44,13.3,desktop,electronics,discount_driven,1,High-Value Customer
CUST01151,0.4,26.5,28.5,15,0.243,0.605,27.6,desktop,fashion,occasional_browser,3,Occasional Browser
CUST01152,15.4,41.65,35.4,28,0.245,0.105,6.2,mobile,home,frequent_buyer,2,Discount-Driven Shopper
CUST01153,2.4,27.06,44.2,9,0.145,0.823,10.0,mobile,fashion,occasional_browser,3,Occasional Browser
CUST01154,20.1,36.5,34.1,22,0.134,0.075,0.7,mobile,grocery,frequent_buyer,2,Discount-Driven Shopper
CUST01155,17.5,46.15,25.8,10,0.104,0.129,2.6,tablet,fashion,frequent_buyer,2,Discount-Driven Shopper
CUST01156,1.5,21.37,48.4,9,0.357,0.809,37.2,mobile,beauty,occasional_browser,3,Occasional Browser
CUST01157,15.7,42.32,28.2,26,0.105,0.088,2.6,desktop,electronics,frequent_buyer,2,Discount-Driven Shopper
CUST01158,2.2,22.66,21.0,14,0.212,0.698,54.7,desktop,electronics,occasional_browser,3,Occasional Browser
CUST01159,1.3,27.99,57.6,12,0.27,0.569,64.6,tablet,electronics,occasional_browser,3,Occasional Browser
CUST01160,12.2,134.04,19.3,7,0.026,0.18,7.1,mobile,home,high_value,0,Frequent Buyer
CUST01161,16.9,55.39,22.5,20,0.103,0.157,1.3,desktop,electronics,frequent_buyer,2,Discount-Driven Shopper
CUST01162,3.4,15.8,15.0,13,0.309,0.689,43.1,mobile,electronics,occasional_browser,3,Occasional Browser
CUST01163,3.5,21.26,34.2,7,0.125,0.536,78.6,mobile,grocery,occasional_browser,3,Occasional Browser
CUST01164,0.0,21.59,50.6,10,0.263,0.781,54.8,mobile,home,occasional_browser,3,Occasional Browser
CUST01165,8.3,16.83,45.4,18,0.892,0.481,8.6,mobile,grocery,discount_driven,1,High-Value Customer
CUST01166,20.8,50.42,25.4,18,0.165,0.18,1.4,tablet,fashion,frequent_buyer,2,Discount-Driven Shopper
CUST01167,7.7,16.48,31.0,15,0.751,0.376,5.7,desktop,electronics,discount_driven,1,High-Value Customer
CUST01168,0.3,33.74,33.3,15,0.13,0.607,17.6,mobile,electronics,occasional_browser,3,Occasional Browser
CUST01169,0.5,31.78,47.2,13,0.126,0.576,50.9,mobile,fashion,occasional_browser,3,Occasional Browser
CUST01170,21.1,38.91,21.5,16,0.074,0.181,4.2,mobile,fashion,frequent_buyer,2,Discount-Driven Shopper
CUST01171,9.1,11.67,23.4,11,0.898,0.451,14.2,mobile,fashion,discount_driven,1,High-Value Customer
CUST01172,1.3,19.47,48.5,16,0.381,0.685,34.3,mobile,fashion,occasional_browser,3,Occasional Browser
CUST01173,0.3,21.61,59.9,9,0.136,0.595,15.1,tablet,fashion,occasional_browser,3,Occasional Browser
CUST01174,2.1,35.23,35.4,10,0.186,0.587,37.5,desktop,electronics,occasional_browser,3,Occasional Browser
CUST01175,2.3,30.22,59.4,9,0.391,0.548,61.8,tablet,grocery,occasional_browser,3,Occasional Browser
CUST01176,9.5,108.06,12.7,11,0.119,0.17,0.7,desktop,electronics,high_value,0,Frequent Buyer
CUST01177,22.8,49.15,28.9,20,0.215,0.146,3.3,tablet,fashion,frequent_buyer,2,Discount-Driven Shopper
CUST01178,16.4,40.09,30.3,28,0.186,0.182,4.4,mobile,fashion,frequent_buyer,2,Discount-Driven Shopper
CUST01179,1.1,34.44,36.1,12,0.142,0.738,37.5,mobile,electronics,occasional_browser,3,Occasional Browser
CUST01180,8.6,14.84,28.5,22,0.839,0.37,9.8,desktop,home,discount_driven,1,High-Value Customer
CUST01181,7.4,90.58,10.3,15,0.098,0.175,12.8,desktop,electronics,high_value,0,Frequent Buyer
CUST01182,16.7,42.71,28.0,17,0.061,0.171,0.9,tablet,beauty,frequent_buyer,2,Discount-Driven Shopper
CUST01183,4.4,22.4,25.8,10,0.833,0.412,6.4,desktop,grocery,discount_driven,1,High-Value Customer
CUST01184,9.5,19.38,17.5,19,0.611,0.524,10.8,desktop,grocery,discount_driven,1,High-Value Customer
CUST01185,12.0,179.21,19.4,18,0.129,0.085,5.5,desktop,home,high_value,0,Frequent Buyer
CUST01186,11.0,129.37,7.7,12,0.074,0.104,7.7,desktop,beauty,high_value,0,Frequent Buyer
CUST01187,3.0,40.4,32.2,16,0.221,0.694,46.7,desktop,beauty,occasional_browser,3,Occasional Browser
CUST01188,18.7,58.94,20.3,14,0.172,0.153,2.0,mobile,grocery,frequent_buyer,2,Discount-Driven Shopper
CUST01189,21.1,52.55,23.3,23,0.24,0.146,4.0,mobile,electronics,frequent_buyer,2,Discount-Driven Shopper
CUST01190,3.0,30.69,57.8,11,0.194,0.6,73.3,desktop,fashion,occasional_browser,3,Occasional Browser
CUST01191,8.4,157.25,15.4,15,0.031,0.153,2.8,tablet,fashion,high_value,0,Frequent Buyer
CUST01192,10.6,86.36,16.2,13,0.044,0.165,0.0,mobile,grocery,high_value,0,Frequent Buyer
CUST01193,7.0,13.79,39.2,17,0.759,0.5,11.8,desktop,electronics,discount_driven,1,High-Value Customer
CUST01194,0.3,33.1,58.2,6,0.278,0.51,48.4,mobile,grocery,occasional_browser,3,Occasional Browser
CUST01195,5.7,13.41,27.9,9,0.618,0.375,0.0,tablet,fashion,discount_driven,1,High-Value Customer
CUST01196,3.9,30.62,15.6,13,0.272,0.567,41.9,desktop,electronics,occasional_browser,3,Occasional Browser
CUST01197,15.2,46.93,20.8,16,0.098,0.125,2.9,desktop,grocery,frequent_buyer,2,Discount-Driven Shopper
CUST01198,9.3,26.77,26.4,11,0.777,0.308,16.1,desktop,grocery,discount_driven,1,High-Value Customer
CUST01199,19.6,47.05,18.3,25,0.09,0.178,2.3,mobile,fashion,frequent_buyer,2,Discount-Driven Shopper
CUST01200,7.2,26.09,38.3,14,0.947,0.406,10.0,mobile,home,discount_driven,1,High-Value Customer
CUST01201,1.7,37.99,25.8,10,0.113,0.594,56.6,desktop,electronics,occasional_browser,3,Occasional Browser
CUST01202,2.3,23.66,36.9,15,0.369,0.518,59.0,mobile,grocery,occasional_browser,3,Occasional Browser
CUST01203,7.2,20.48,41.6,8,0.858,0.379,18.8,tablet,electronics,discount_driven,1,High-Value Customer
CUST01204,7.9,27.69,24.1,9,0.829,0.464,16.0,desktop,electronics,discount_driven,1,High-Value Customer
CUST01205,11.7,127.52,25.2,13,0.146,0.104,9.5,mobile,electronics,high_value,0,Frequent Buyer
CUST01206,7.6,24.64,42.8,13,0.824,0.443,11.2,mobile,home,discount_driven,1,High-Value Customer
CUST01207,11.3,100.34,19.0,17,0.037,0.096,6.0,desktop,home,high_value,0,Frequent Buyer
CUST01208,20.0,31.31,20.8,21,0.225,0.168,4.6,desktop,grocery,frequent_buyer,2,Discount-Driven Shopper
CUST01209,3.5,13.67,41.0,15,0.273,0.747,32.1,desktop,electronics,occasional_browser,3,Occasional Browser
CUST01210,15.8,40.2,6.7,15,0.121,0.101,2.3,mobile,grocery,frequent_buyer,2,Discount-Driven Shopper
CUST01211,16.8,51.67,31.9,29,0.161,0.159,0.7,desktop,electronics,frequent_buyer,2,Discount-Driven Shopper
CUST01212,15.0,45.94,16.2,13,0.064,0.162,3.4,desktop,home,frequent_buyer,2,Discount-Driven Shopper
CUST01213,11.0,151.17,19.6,11,0.008,0.183,12.7,mobile,fashion,high_value,0,Frequent Buyer
CUST01214,17.5,34.26,19.0,15,0.223,0.117,0.0,mobile,home,frequent_buyer,2,Discount-Driven Shopper
CUST01215,15.0,70.59,33.3,20,0.118,0.108,2.8,desktop,fashion,frequent_buyer,2,Discount-Driven Shopper
CUST01216,2.1,41.98,44.7,14,0.394,0.673,40.3,tablet,electronics,occasional_browser,3,Occasional Browser
CUST01217,7.4,23.3,21.6,12,0.711,0.353,10.6,mobile,fashion,discount_driven,1,High-Value Customer
CUST01218,3.0,18.78,35.8,15,0.13,0.824,66.0,desktop,fashion,occasional_browser,3,Occasional Browser
CUST01219,9.2,111.89,12.7,13,0.062,0.072,10.4,mobile,grocery,high_value,0,Frequent Buyer
CUST01220,11.3,124.36,20.8,12,0.129,0.07,0.7,mobile,grocery,high_value,0,Frequent Buyer
CUST01221,3.1,36.01,31.5,11,0.386,0.527,44.8,desktop,beauty,occasional_browser,3,Occasional Browser
CUST01222,8.2,83.93,13.9,14,0.004,0.156,10.4,mobile,fashion,high_value,0,Frequent Buyer
CUST01223,1.7,33.78,32.0,9,0.201,0.538,30.3,tablet,electronics,occasional_browser,3,Occasional Browser
CUST01224,11.3,98.48,12.8,13,0.123,0.168,11.4,tablet,beauty,high_value,0,Frequent Buyer
CUST01225,8.6,15.27,24.9,12,0.861,0.544,17.5,mobile,electronics,discount_driven,1,High-Value Customer
CUST01226,8.6,11.66,41.6,14,0.751,0.432,15.3,mobile,home,discount_driven,1,High-Value Customer
CUST01227,5.2,91.69,15.7,17,0.123,0.068,5.9,desktop,home,high_value,0,Frequent Buyer
CUST01228,12.2,91.42,18.6,22,0.101,0.115,9.4,mobile,electronics,high_value,2,Discount-Driven Shopper
CUST01229,1.2,35.71,39.5,13,0.108,0.755,48.3,tablet,beauty,occasional_browser,3,Occasional Browser
CUST01230,17.3,41.11,17.1,15,0.092,0.092,3.5,mobile,fashion,frequent_buyer,2,Discount-Driven Shopper
CUST01231,9.2,23.61,23.5,10,0.775,0.304,15.6,mobile,grocery,discount_driven,1,High-Value Customer
CUST01232,4.3,12.25,31.3,11,0.745,0.335,7.1,mobile,grocery,discount_driven,1,High-Value Customer
CUST01233,2.7,37.51,38.6,9,0.112,0.506,21.0,desktop,grocery,occasional_browser,3,Occasional Browser
CUST01234,9.2,126.41,19.9,14,0.041,0.108,5.6,mobile,electronics,high_value,0,Frequent Buyer
CUST01235,3.8,31.37,35.6,17,0.257,0.681,41.3,desktop,grocery,occasional_browser,3,Occasional Browser
CUST01236,2.1,30.5,30.2,10,0.214,0.827,62.7,mobile,electronics,occasional_browser,3,Occasional Browser
CUST01237,21.7,37.11,17.7,27,0.243,0.16,3.0,mobile,grocery,frequent_buyer,2,Discount-Driven Shopper
CUST01238,9.8,138.76,16.1,17,0.043,0.188,2.4,desktop,electronics,high_value,0,Frequent Buyer
CUST01239,1.9,33.73,52.7,14,0.107,0.836,28.8,desktop,grocery,occasional_browser,3,Occasional Browser
CUST01240,6.9,18.05,31.6,16,0.717,0.391,13.7,mobile,fashion,discount_driven,1,High-Value Customer
CUST01241,7.3,173.42,21.3,10,0.103,0.153,10.7,desktop,grocery,high_value,0,Frequent Buyer
CUST01242,15.6,60.71,15.9,19,0.071,0.176,1.7,desktop,grocery,frequent_buyer,2,Discount-Driven Shopper
CUST01243,2.9,33.81,43.8,9,0.273,0.511,35.3,mobile,fashion,occasional_browser,3,Occasional Browser
CUST01244,8.3,121.25,15.8,12,0.137,0.125,4.2,mobile,grocery,high_value,0,Frequent Buyer
CUST01245,9.7,23.22,37.1,19,0.718,0.326,21.0,tablet,fashion,discount_driven,1,High-Value Customer
CUST01246,23.2,51.91,35.5,21,0.158,0.124,1.2,mobile,electronics,frequent_buyer,2,Discount-Driven Shopper
CUST01247,24.9,37.0,8.6,10,0.066,0.079,1.8,desktop,beauty,frequent_buyer,2,Discount-Driven Shopper
CUST01248,12.7,23.66,15.4,25,0.21,0.065,3.3,tablet,electronics,frequent_buyer,2,Discount-Driven Shopper
CUST01249,12.9,147.98,12.2,17,0.05,0.132,2.9,desktop,electronics,high_value,0,Frequent Buyer
CUST01250,25.3,43.09,26.1,20,0.16,0.184,4.4,mobile,electronics,frequent_buyer,2,Discount-Driven Shopper
CUST01251,6.8,111.64,9.2,15,0.13,0.141,3.3,mobile,grocery,high_value,0,Frequent Buyer
CUST01252,5.7,30.26,22.6,11,0.853,0.444,16.2,mobile,electronics,discount_driven,1,High-Value Customer
CUST01253,12.3,50.34,24.7,16,0.155,0.155,2.9,mobile,fashion,frequent_buyer,2,Discount-Driven Shopper
CUST01254,8.9,18.34,32.5,20,0.605,0.372,7.6,desktop,electronics,discount_driven,1,High-Value Customer
CUST01255,9.7,71.97,13.4,13,0.141,0.057,6.5,mobile,electronics,high_value,0,Frequent Buyer
CUST01256,8.2,24.74,6.9,14,0.676,0.423,3.7,desktop,fashion,discount_driven,1,High-Value Customer
CUST01257,1.0,23.32,35.3,13,0.211,0.553,35.0,desktop,grocery,occasional_browser,3,Occasional Browser
CUST01258,16.6,30.23,27.0,33,0.168,0.059,5.3,tablet,fashion,frequent_buyer,2,Discount-Driven Shopper
CUST01259,1.6,27.85,32.7,15,0.352,0.791,63.3,desktop,grocery,occasional_browser,3,Occasional Browser
CUST01260,12.5,159.07,13.2,13,0.142,0.052,9.1,mobile,electronics,high_value,0,Frequent Buyer
CUST01261,2.2,28.16,40.7,9,0.349,0.514,44.4,mobile,beauty,occasional_browser,3,Occasional Browser
CUST01262,10.3,103.74,21.6,4,0.106,0.063,6.0,desktop,grocery,high_value,0,Frequent Buyer
CUST01263,2.2,17.59,34.9,11,0.272,0.842,34.7,mobile,fashion,occasional_browser,3,Occasional Browser
CUST01264,14.2,61.22,20.4,20,0.077,0.135,4.5,desktop,beauty,frequent_buyer,2,Discount-Driven Shopper
CUST01265,5.6,151.14,22.4,15,0.09,0.153,10.4,mobile,grocery,high_value,0,Frequent Buyer
CUST01266,21.1,28.29,30.1,25,0.167,0.072,1.9,desktop,beauty,frequent_buyer,2,Discount-Driven Shopper
CUST01267,13.6,43.31,22.9,19,0.138,0.151,3.1,mobile,beauty,frequent_buyer,2,Discount-Driven Shopper
CUST01268,0.7,39.43,15.4,12,0.187,0.78,47.0,mobile,beauty,occasional_browser,3,Occasional Browser
CUST01269,2.1,37.38,30.7,14,0.15,0.792,35.0,mobile,fashion,occasional_browser,3,Occasional Browser
CUST01270,5.8,135.98,20.7,17,0.076,0.131,10.3,desktop,electronics,high_value,0,Frequent Buyer
CUST01271,13.2,131.87,7.4,16,0.147,0.156,5.1,mobile,electronics,high_value,0,Frequent Buyer
CUST01272,0.7,31.49,24.7,15,0.113,0.65,56.0,mobile,fashion,occasional_browser,3,Occasional Browser
CUST01273,1.9,7.24,40.9,12,0.291,0.81,59.7,desktop,fashion,occasional_browser,3,Occasional Browser
CUST01274,2.5,33.36,41.8,16,0.388,0.63,38.0,desktop,beauty,occasional_browser,3,Occasional Browser
CUST01275,11.8,77.6,28.2,15,0.111,0.116,7.3,desktop,fashion,high_value,2,Discount-Driven Shopper
CUST01276,8.3,19.95,25.5,19,0.805,0.48,17.9,mobile,beauty,discount_driven,1,High-Value Customer
CUST01277,21.1,52.43,28.2,14,0.139,0.053,3.8,tablet,electronics,frequent_buyer,2,Discount-Driven Shopper
CUST01278,25.2,53.59,20.1,18,0.24,0.191,5.1,mobile,electronics,frequent_buyer,2,Discount-Driven Shopper
CUST01279,7.0,25.09,30.9,14,0.759,0.423,14.7,desktop,electronics,discount_driven,1,High-Value Customer
CUST01280,7.9,145.74,9.5,17,0.116,0.171,4.3,desktop,electronics,high_value,0,Frequent Buyer
CUST01281,1.6,32.11,42.5,9,0.395,0.585,24.6,desktop,grocery,occasional_browser,3,Occasional Browser
CUST01282,3.0,24.64,31.8,9,0.124,0.738,42.3,mobile,grocery,occasional_browser,3,Occasional Browser
CUST01283,18.7,36.17,21.0,20,0.159,0.062,3.7,desktop,electronics,frequent_buyer,2,Discount-Driven Shopper
CUST01284,10.2,19.69,15.2,10,0.603,0.386,14.4,mobile,electronics,discount_driven,1,High-Value Customer
CUST01285,3.8,19.49,13.6,13,0.82,0.311,10.7,mobile,fashion,discount_driven,1,High-Value Customer
CUST01286,0.8,31.65,41.6,14,0.238,0.596,37.5,tablet,beauty,occasional_browser,3,Occasional Browser
CUST01287,18.0,33.35,18.6,22,0.222,0.13,5.6,desktop,electronics,frequent_buyer,2,Discount-Driven Shopper
CUST01288,0.5,32.91,50.2,14,0.115,0.69,62.1,mobile,grocery,occasional_browser,3,Occasional Browser
CUST01289,7.5,14.64,31.3,19,0.733,0.312,13.2,mobile,electronics,discount_driven,1,High-Value Customer
CUST01290,19.4,39.89,18.4,17,0.173,0.098,1.8,desktop,home,frequent_buyer,2,Discount-Driven Shopper
CUST01291,3.3,35.74,32.1,16,0.104,0.519,59.6,tablet,home,occasional_browser,3,Occasional Browser
CUST01292,14.6,54.03,22.2,24,0.094,0.073,2.5,tablet,home,frequent_buyer,2,Discount-Driven Shopper
CUST01293,15.1,30.2,10.0,16,0.153,0.137,5.8,desktop,fashion,frequent_buyer,2,Discount-Driven Shopper
CUST01294,9.4,129.39,13.2,16,0.088,0.084,10.8,desktop,fashion,high_value,0,Frequent Buyer
CUST01295,18.7,51.3,23.7,13,0.219,0.1,6.0,desktop,electronics,frequent_buyer,2,Discount-Driven Shopper
CUST01296,18.8,53.4,25.8,20,0.247,0.136,3.3,mobile,grocery,frequent_buyer,2,Discount-Driven Shopper
CUST01297,7.5,35.23,39.4,14,0.866,0.45,6.6,mobile,grocery,discount_driven,1,High-Value Customer
CUST01298,16.4,40.06,15.4,25,0.227,0.155,2.1,mobile,fashion,frequent_buyer,2,Discount-Driven Shopper
CUST01299,1.8,28.11,39.4,12,0.154,0.571,49.5,tablet,beauty,occasional_browser,3,Occasional Browser
CUST01300,15.5,44.05,21.6,21,0.236,0.181,4.7,desktop,grocery,frequent_buyer,2,Discount-Driven Shopper
CUST01301,9.3,113.75,11.7,13,0.015,0.095,5.1,mobile,electronics,high_value,0,Frequent Buyer
CUST01302,6.6,122.05,20.4,13,0.073,0.176,7.0,mobile,fashion,high_value,0,Frequent Buyer
CUST01303,9.6,11.48,23.3,17,0.755,0.381,12.6,mobile,electronics,discount_driven,1,High-Value Customer
CUST01304,16.8,53.17,36.0,21,0.099,0.18,0.0,mobile,electronics,frequent_buyer,2,Discount-Driven Shopper
CUST01305,8.5,84.73,17.7,19,0.096,0.112,7.6,mobile,fashion,high_value,0,Frequent Buyer
CUST01306,1.9,32.33,45.2,5,0.233,0.606,83.1,tablet,fashion,occasional_browser,3,Occasional Browser
CUST01307,10.3,42.32,22.2,18,0.234,0.179,3.5,mobile,grocery,frequent_buyer,2,Discount-Driven Shopper
CUST01308,1.8,30.62,33.7,11,0.221,0.515,49.1,desktop,fashion,occasional_browser,3,Occasional Browser
CUST01309,20.2,46.0,23.5,20,0.185,0.168,4.6,desktop,grocery,frequent_buyer,2,Discount-Driven Shopper
CUST01310,17.0,35.74,19.1,21,0.167,0.105,1.1,mobile,grocery,frequent_buyer,2,Discount-Driven Shopper
CUST01311,0.6,24.77,28.2,11,0.39,0.723,47.6,desktop,home,occasional_browser,3,Occasional Browser
CUST01312,13.0,102.0,17.5,15,0.052,0.106,6.9,desktop,fashion,high_value,0,Frequent Buyer
CUST01313,6.4,22.35,30.7,11,0.794,0.327,12.4,mobile,fashion,discount_driven,1,High-Value Customer
CUST01314,11.0,122.75,25.1,8,0.098,0.189,4.6,mobile,beauty,high_value,0,Frequent Buyer
CUST01315,6.8,161.79,23.4,14,0.045,0.074,7.7,desktop,fashion,high_value,0,Frequent Buyer
CUST01316,9.5,143.09,12.1,14,0.06,0.197,5.4,mobile,grocery,high_value,0,Frequent Buyer
CUST01317,17.6,63.43,26.2,14,0.239,0.111,3.7,desktop,home,frequent_buyer,2,Discount-Driven Shopper
CUST01318,10.0,12.99,42.2,14,0.93,0.522,7.1,mobile,fashion,discount_driven,1,High-Value Customer
CUST01319,9.1,72.98,14.4,19,0.028,0.131,9.4,mobile,electronics,high_value,0,Frequent Buyer
CUST01320,1.8,40.45,45.5,8,0.111,0.716,50.5,mobile,fashion,occasional_browser,3,Occasional Browser
CUST01321,8.7,127.24,16.6,16,0.113,0.083,10.9,desktop,beauty,high_value,0,Frequent Buyer
CUST01322,10.0,107.45,20.8,7,0.134,0.095,0.0,tablet,fashion,high_value,0,Frequent Buyer
CUST01323,7.6,142.07,26.1,12,0.077,0.19,8.3,desktop,grocery,high_value,0,Frequent Buyer
CUST01324,22.9,32.37,29.4,26,0.228,0.097,1.6,mobile,grocery,frequent_buyer,2,Discount-Driven Shopper
CUST01325,2.2,27.34,30.3,16,0.368,0.676,27.4,mobile,beauty,occasional_browser,3,Occasional Browser
CUST01326,2.6,26.02,27.0,9,0.187,0.581,38.2,tablet,grocery,occasional_browser,3,Occasional Browser
CUST01327,12.2,35.23,18.1,13,0.038,0.067,6.4,desktop,fashion,high_value,2,Discount-Driven Shopper
CUST01328,8.5,11.48,38.4,14,0.929,0.423,11.1,mobile,beauty,discount_driven,1,High-Value Customer
CUST01329,1.1,24.75,45.0,7,0.122,0.669,29.9,desktop,home,occasional_browser,3,Occasional Browser
CUST01330,0.4,24.62,38.4,9,0.296,0.51,37.0,mobile,fashion,occasional_browser,3,Occasional Browser
CUST01331,10.8,76.86,20.2,13,0.049,0.167,9.3,mobile,fashion,high_value,0,Frequent Buyer
CUST01332,5.7,24.42,43.8,12,0.687,0.443,12.6,mobile,fashion,discount_driven,1,High-Value Customer
CUST01333,8.5,99.72,30.0,17,0.136,0.108,7.6,tablet,beauty,high_value,0,Frequent Buyer
CUST01334,11.2,93.66,24.9,12,0.143,0.194,4.9,desktop,beauty,high_value,0,Frequent Buyer
CUST01335,10.0,140.99,12.2,20,0.063,0.056,12.6,mobile,beauty,high_value,0,Frequent Buyer
CUST01336,1.3,23.27,36.2,14,0.173,0.688,60.2,mobile,home,occasional_browser,3,Occasional Browser
CUST01337,0.9,32.77,51.3,12,0.301,0.795,52.1,desktop,grocery,occasional_browser,3,Occasional Browser
CUST01338,7.4,23.96,27.5,19,0.726,0.336,13.9,mobile,fashion,discount_driven,1,High-Value Customer
CUST01339,3.0,54.81,52.1,12,0.151,0.611,47.3,desktop,fashion,occasional_browser,3,Occasional Browser
CUST01340,3.0,18.93,42.2,12,0.27,0.516,45.1,desktop,fashion,occasional_browser,3,Occasional Browser
CUST01341,3.6,26.89,23.6,13,0.301,0.835,53.0,tablet,fashion,occasional_browser,3,Occasional Browser
CUST01342,10.8,24.16,34.3,18,0.844,0.393,13.3,mobile,home,discount_driven,1,High-Value Customer
CUST01343,10.2,96.35,12.4,11,0.097,0.085,6.5,desktop,grocery,high_value,0,Frequent Buyer
CUST01344,9.6,23.17,32.3,14,0.619,0.519,11.4,tablet,fashion,discount_driven,1,High-Value Customer
CUST01345,2.6,22.31,39.5,10,0.299,0.768,77.1,mobile,electronics,occasional_browser,3,Occasional Browser
CUST01346,6.5,16.37,34.3,15,0.903,0.338,9.6,mobile,electronics,discount_driven,1,High-Value Customer
CUST01347,3.1,15.2,45.4,10,0.326,0.744,10.9,mobile,fashion,occasional_browser,3,Occasional Browser
CUST01348,7.6,21.14,25.8,10,0.697,0.345,8.7,tablet,electronics,discount_driven,1,High-Value Customer
CUST01349,2.2,37.85,39.2,15,0.378,0.574,29.3,mobile,grocery,occasional_browser,3,Occasional Browser
CUST01350,10.3,79.28,24.4,15,0.073,0.071,5.2,tablet,home,high_value,0,Frequent Buyer
CUST01351,2.1,31.11,28.6,11,0.344,0.579,28.8,mobile,grocery,occasional_browser,3,Occasional Browser
CUST01352,18.2,37.53,24.4,8,0.102,0.188,0.9,mobile,beauty,frequent_buyer,0,Frequent Buyer
CUST01353,7.3,16.49,27.3,10,0.639,0.41,5.9,desktop,home,discount_driven,1,High-Value Customer
CUST01354,1.4,35.34,30.8,12,0.369,0.838,70.5,mobile,grocery,occasional_browser,3,Occasional Browser
CUST01355,8.0,162.44,20.3,13,0.118,0.067,7.7,mobile,electronics,high_value,0,Frequent Buyer
CUST01356,1.5,28.69,28.2,13,0.294,0.631,33.9,desktop,fashion,occasional_browser,3,Occasional Browser
CUST01357,0.1,18.4,44.7,12,0.304,0.61,32.0,mobile,fashion,occasional_browser,3,Occasional Browser
CUST01358,3.2,24.65,53.7,11,0.205,0.849,59.6,mobile,beauty,occasional_browser,3,Occasional Browser
CUST01359,7.6,17.98,32.8,21,0.796,0.342,12.9,mobile,electronics,discount_driven,1,High-Value Customer
CUST01360,12.6,52.64,30.6,12,0.215,0.168,4.0,desktop,grocery,frequent_buyer,2,Discount-Driven Shopper
CUST01361,21.5,28.66,24.7,19,0.096,0.074,3.3,mobile,home,frequent_buyer,2,Discount-Driven Shopper
CUST01362,0.7,35.36,36.3,15,0.163,0.602,35.7,mobile,fashion,occasional_browser,3,Occasional Browser
CUST01363,2.4,38.38,43.9,12,0.239,0.839,45.4,mobile,fashion,occasional_browser,3,Occasional Browser
CUST01364,17.1,23.67,31.2,19,0.207,0.187,4.4,desktop,fashion,frequent_buyer,2,Discount-Driven Shopper
CUST01365,1.9,33.6,35.5,9,0.275,0.611,50.9,desktop,fashion,occasional_browser,3,Occasional Browser
CUST01366,10.2,122.65,21.5,14,0.098,0.176,3.7,tablet,fashion,high_value,0,Frequent Buyer
CUST01367,9.6,23.3,16.3,9,0.934,0.529,15.7,desktop,electronics,discount_driven,1,High-Value Customer
CUST01368,6.6,14.61,26.2,18,0.731,0.399,10.0,mobile,electronics,discount_driven,1,High-Value Customer
CUST01369,1.4,42.03,44.6,12,0.203,0.727,58.0,desktop,electronics,occasional_browser,3,Occasional Browser
CUST01370,1.8,26.7,41.8,12,0.35,0.611,49.6,desktop,home,occasional_browser,3,Occasional Browser
CUST01371,3.9,23.2,14.9,12,0.718,0.436,12.8,mobile,fashion,discount_driven,1,High-Value Customer
CUST01372,0.6,19.25,22.7,18,0.211,0.575,42.3,desktop,home,occasional_browser,3,Occasional Browser
CUST01373,2.0,26.97,27.3,9,0.201,0.724,15.0,desktop,electronics,occasional_browser,3,Occasional Browser
CUST01374,16.8,25.68,19.5,15,0.056,0.073,1.1,mobile,home,frequent_buyer,2,Discount-Driven Shopper
CUST01375,2.1,32.06,31.9,12,0.301,0.548,22.8,desktop,fashion,occasional_browser,3,Occasional Browser
CUST01376,18.5,27.46,28.2,23,0.247,0.174,5.7,mobile,grocery,frequent_buyer,2,Discount-Driven Shopper
CUST01377,2.7,24.67,39.1,8,0.337,0.598,51.6,mobile,fashion,occasional_browser,3,Occasional Browser
CUST01378,10.0,25.51,38.2,16,0.805,0.526,14.1,desktop,grocery,discount_driven,1,High-Value Customer
CUST01379,7.8,18.27,33.1,24,0.712,0.336,3.2,mobile,fashion,discount_driven,1,High-Value Customer
CUST01380,2.4,29.49,54.9,11,0.25,0.778,41.1,desktop,electronics,occasional_browser,3,Occasional Browser
CUST01381,3.1,28.4,41.3,8,0.207,0.543,46.2,mobile,electronics,occasional_browser,3,Occasional Browser
CUST01382,16.1,41.29,24.3,16,0.12,0.169,2.6,desktop,fashion,frequent_buyer,2,Discount-Driven Shopper
CUST01383,18.7,37.27,28.9,21,0.142,0.056,2.6,mobile,fashion,frequent_buyer,2,Discount-Driven Shopper
CUST01384,10.0,29.51,27.7,22,0.89,0.309,15.6,mobile,home,discount_driven,1,High-Value Customer
CUST01385,26.3,42.28,21.0,18,0.096,0.188,4.5,mobile,home,frequent_buyer,2,Discount-Driven Shopper
CUST01386,9.5,23.38,36.3,15,0.814,0.527,13.4,desktop,grocery,discount_driven,1,High-Value Customer
CUST01387,18.7,38.92,16.9,20,0.226,0.101,5.4,mobile,electronics,frequent_buyer,2,Discount-Driven Shopper
CUST01388,14.9,37.0,23.7,18,0.158,0.188,1.5,mobile,grocery,frequent_buyer,2,Discount-Driven Shopper
CUST01389,21.9,37.71,20.6,29,0.089,0.096,1.2,desktop,electronics,frequent_buyer,2,Discount-Driven Shopper
CUST01390,23.7,46.51,20.7,19,0.18,0.085,4.3,desktop,beauty,frequent_buyer,2,Discount-Driven Shopper
CUST01391,22.0,31.29,14.0,21,0.213,0.094,2.5,tablet,beauty,frequent_buyer,2,Discount-Driven Shopper
CUST01392,2.1,25.66,26.4,11,0.162,0.573,66.8,mobile,fashion,occasional_browser,3,Occasional Browser
CUST01393,10.0,14.59,27.7,25,0.833,0.393,12.6,desktop,electronics,discount_driven,1,High-Value Customer
CUST01394,8.5,18.17,20.8,21,0.765,0.374,10.1,desktop,beauty,discount_driven,1,High-Value Customer
CUST01395,1.4,22.18,26.3,12,0.379,0.707,42.8,tablet,grocery,occasional_browser,3,Occasional Browser
CUST01396,7.6,18.61,31.2,14,0.831,0.54,16.7,mobile,fashion,discount_driven,1,High-Value Customer
CUST01397,10.0,103.84,19.7,13,0.06,0.145,0.0,mobile,electronics,high_value,0,Frequent Buyer
CUST01398,2.3,24.85,41.6,8,0.138,0.604,73.6,desktop,grocery,occasional_browser,3,Occasional Browser
CUST01399,22.2,43.28,25.3,18,0.191,0.07,2.4,tablet,grocery,frequent_buyer,2,Discount-Driven Shopper
CUST01400,24.7,53.43,36.3,11,0.142,0.114,5.8,mobile,fashion,frequent_buyer,2,Discount-Driven Shopper
CUST01401,8.0,23.97,29.3,20,0.851,0.384,11.8,mobile,beauty,discount_driven,1,High-Value Customer
CUST01402,12.7,19.83,21.9,16,0.689,0.458,10.5,mobile,fashion,discount_driven,1,High-Value Customer
CUST01403,0.9,34.85,51.2,5,0.273,0.711,24.8,mobile,electronics,occasional_browser,3,Occasional Browser
CUST01404,20.5,51.02,27.9,18,0.058,0.196,2.1,desktop,fashion,frequent_buyer,2,Discount-Driven Shopper
CUST01405,12.4,43.38,34.4,23,0.139,0.181,1.3,desktop,fashion,frequent_buyer,2,Discount-Driven Shopper
CUST01406,2.1,28.73,46.4,17,0.258,0.631,28.5,tablet,fashion,occasional_browser,3,Occasional Browser
CUST01407,20.0,40.86,18.1,21,0.247,0.12,1.3,mobile,grocery,frequent_buyer,2,Discount-Driven Shopper
CUST01408,2.3,41.68,42.5,15,0.187,0.705,25.8,desktop,electronics,occasional_browser,3,Occasional Browser
CUST01409,7.4,20.14,45.4,15,0.625,0.535,15.5,mobile,home,discount_driven,1,High-Value Customer
CUST01410,1.9,29.23,30.2,13,0.11,0.729,83.0,mobile,home,occasional_browser,3,Occasional Browser
CUST01411,21.4,55.23,27.6,19,0.158,0.179,4.4,desktop,electronics,frequent_buyer,2,Discount-Driven Shopper
CUST01412,1.2,20.12,36.3,8,0.242,0.71,21.8,desktop,electronics,occasional_browser,3,Occasional Browser
CUST01413,14.8,39.98,36.0,21,0.186,0.142,3.3,mobile,electronics,frequent_buyer,2,Discount-Driven Shopper
CUST01414,7.6,19.19,23.5,21,0.937,0.338,17.5,tablet,grocery,discount_driven,1,High-Value Customer
CUST01415,12.0,117.09,12.8,18,0.133,0.15,8.9,mobile,grocery,high_value,0,Frequent Buyer
CUST01416,2.3,27.53,56.4,12,0.114,0.751,43.1,tablet,fashion,occasional_browser,3,Occasional Browser
CUST01417,9.5,111.46,21.3,14,0.077,0.067,11.2,mobile,grocery,high_value,0,Frequent Buyer
CUST01418,2.8,38.56,33.5,8,0.364,0.692,33.0,mobile,home,occasional_browser,3,Occasional Browser
CUST01419,14.9,52.05,30.8,21,0.189,0.087,4.8,desktop,electronics,frequent_buyer,2,Discount-Driven Shopper
CUST01420,11.1,17.33,22.6,21,0.721,0.466,14.8,desktop,grocery,discount_driven,1,High-Value Customer
CUST01421,15.5,59.88,23.5,22,0.091,0.105,4.4,mobile,beauty,frequent_buyer,2,Discount-Driven Shopper
CUST01422,19.1,48.52,32.6,17,0.084,0.179,3.8,mobile,electronics,frequent_buyer,2,Discount-Driven Shopper
CUST01423,2.7,32.59,25.6,16,0.245,0.763,79.7,mobile,fashion,occasional_browser,3,Occasional Browser
CUST01424,15.5,47.45,14.3,19,0.132,0.088,7.4,mobile,electronics,frequent_buyer,2,Discount-Driven Shopper
CUST01425,1.7,24.64,38.4,14,0.232,0.779,45.1,mobile,electronics,occasional_browser,3,Occasional Browser
CUST01426,8.9,13.82,28.8,13,0.747,0.471,16.8,mobile,grocery,discount_driven,1,High-Value Customer
CUST01427,2.2,32.08,25.2,10,0.186,0.622,5.0,mobile,electronics,occasional_browser,3,Occasional Browser
CUST01428,9.6,139.14,8.3,13,0.111,0.161,14.7,mobile,electronics,high_value,0,Frequent Buyer
CUST01429,3.4,22.93,41.2,9,0.772,0.336,12.8,mobile,electronics,discount_driven,1,High-Value Customer
CUST01430,6.9,19.75,34.7,15,0.805,0.382,11.3,mobile,fashion,discount_driven,1,High-Value Customer
CUST01431,10.5,98.9,15.9,14,0.044,0.112,1.6,mobile,home,high_value,0,Frequent Buyer
CUST01432,8.9,19.84,29.5,10,0.647,0.364,11.9,tablet,fashion,discount_driven,1,High-Value Customer
CUST01433,23.2,50.65,30.1,24,0.117,0.067,1.6,mobile,electronics,frequent_buyer,2,Discount-Driven Shopper
CUST01434,16.0,40.72,20.8,21,0.135,0.079,3.6,mobile,fashion,frequent_buyer,2,Discount-Driven Shopper
CUST01435,1.2,36.99,48.6,7,0.171,0.704,39.0,mobile,home,occasional_browser,3,Occasional Browser
CUST01436,1.9,21.89,28.2,13,0.355,0.624,35.5,mobile,home,occasional_browser,3,Occasional Browser
CUST01437,10.9,159.67,12.9,12,0.107,0.128,4.6,mobile,beauty,high_value,0,Frequent Buyer
CUST01438,10.1,145.5,27.8,15,0.145,0.194,8.4,mobile,grocery,high_value,0,Frequent Buyer
CUST01439,13.6,46.58,21.2,24,0.221,0.141,1.2,mobile,fashion,frequent_buyer,2,Discount-Driven Shopper
CUST01440,12.0,135.81,15.5,13,0.123,0.066,7.3,mobile,grocery,high_value,0,Frequent Buyer
CUST01441,3.2,40.46,35.0,10,0.174,0.836,43.2,desktop,beauty,occasional_browser,3,Occasional Browser
CUST01442,1.3,17.57,30.8,8,0.321,0.513,48.2,mobile,grocery,occasional_browser,3,Occasional Browser
CUST01443,11.7,96.88,21.6,13,0.008,0.159,5.7,desktop,home,high_value,0,Frequent Buyer
CUST01444,3.1,44.3,20.6,14,0.177,0.714,47.7,mobile,electronics,occasional_browser,3,Occasional Browser
CUST01445,18.6,37.67,23.1,23,0.161,0.146,4.3,mobile,electronics,frequent_buyer,2,Discount-Driven Shopper
CUST01446,17.5,44.42,18.0,23,0.24,0.173,5.3,desktop,fashion,frequent_buyer,2,Discount-Driven Shopper
CUST01447,21.6,34.65,14.6,18,0.08,0.129,5.1,mobile,grocery,frequent_buyer,2,Discount-Driven Shopper
CUST01448,3.9,33.89,30.2,15,0.333,0.754,41.5,desktop,grocery,occasional_browser,3,Occasional Browser
CUST01449,18.5,39.97,12.4,11,0.126,0.189,1.8,tablet,beauty,frequent_buyer,2,Discount-Driven Shopper
CUST01450,7.8,138.52,13.1,19,0.108,0.081,14.1,mobile,grocery,high_value,0,Frequent Buyer
CUST01451,15.1,43.77,18.2,24,0.08,0.113,2.9,mobile,fashion,frequent_buyer,2,Discount-Driven Shopper
CUST01452,2.5,31.01,27.8,10,0.218,0.52,52.0,mobile,beauty,occasional_browser,3,Occasional Browser
CUST01453,24.1,52.4,19.4,18,0.053,0.173,1.1,mobile,beauty,frequent_buyer,2,Discount-Driven Shopper
CUST01454,2.6,15.11,43.6,9,0.347,0.704,34.3,desktop,beauty,occasional_browser,3,Occasional Browser
CUST01455,7.7,13.4,32.8,18,0.694,0.331,17.6,mobile,electronics,discount_driven,1,High-Value Customer
CUST01456,1.6,35.32,42.9,13,0.145,0.622,67.8,desktop,beauty,occasional_browser,3,Occasional Browser
CUST01457,8.8,111.0,11.6,15,0.092,0.09,5.4,desktop,fashion,high_value,0,Frequent Buyer
CUST01458,0.6,33.5,37.1,9,0.251,0.833,48.9,desktop,grocery,occasional_browser,3,Occasional Browser
CUST01459,7.5,127.35,28.2,12,0.143,0.086,9.2,desktop,home,high_value,0,Frequent Buyer
CUST01460,2.0,17.11,50.5,10,0.149,0.747,57.8,desktop,beauty,occasional_browser,3,Occasional Browser
CUST01461,8.4,17.66,21.2,13,0.899,0.379,10.0,mobile,grocery,discount_driven,1,High-Value Customer
CUST01462,22.4,59.02,19.0,25,0.113,0.145,1.8,desktop,grocery,frequent_buyer,2,Discount-Driven Shopper
CUST01463,5.1,35.23,38.1,7,0.622,0.519,9.6,desktop,home,discount_driven,1,High-Value Customer
CUST01464,3.0,37.42,31.3,12,0.365,0.693,32.3,desktop,home,occasional_browser,3,Occasional Browser
CUST01465,3.0,38.71,58.0,16,0.341,0.843,54.8,mobile,beauty,occasional_browser,3,Occasional Browser
CUST01466,9.9,24.34,36.1,16,0.634,0.363,11.0,desktop,grocery,discount_driven,1,High-Value Customer
CUST01467,3.1,21.59,36.4,11,0.305,0.654,51.0,desktop,fashion,occasional_browser,3,Occasional Browser
CUST01468,2.3,47.53,40.8,11,0.249,0.504,43.6,tablet,beauty,occasional_browser,3,Occasional Browser
CUST01469,1.4,22.91,39.8,12,0.335,0.656,51.2,mobile,fashion,occasional_browser,3,Occasional Browser
CUST01470,20.2,52.69,25.6,21,0.11,0.183,1.7,desktop,fashion,frequent_buyer,2,Discount-Driven Shopper
CUST01471,14.0,62.19,34.8,19,0.085,0.052,5.7,mobile,beauty,frequent_buyer,2,Discount-Driven Shopper
CUST01472,8.2,74.84,14.8,13,0.04,0.065,9.3,desktop,beauty,high_value,0,Frequent Buyer
CUST01473,1.9,27.58,49.4,11,0.218,0.563,53.2,mobile,fashion,occasional_browser,3,Occasional Browser
CUST01474,7.7,19.28,31.8,11,0.76,0.333,11.1,mobile,grocery,discount_driven,1,High-Value Customer
CUST01475,13.3,48.31,32.9,14,0.168,0.071,10.0,mobile,electronics,frequent_buyer,2,Discount-Driven Shopper
CUST01476,10.4,19.1,36.6,21,0.603,0.385,7.7,mobile,beauty,discount_driven,1,High-Value Customer
CUST01477,3.6,22.38,34.8,9,0.653,0.362,16.0,mobile,fashion,discount_driven,1,High-Value Customer
CUST01478,13.4,48.8,25.8,18,0.2,0.192,5.1,mobile,fashion,frequent_buyer,2,Discount-Driven Shopper
CUST01479,3.2,31.03,53.7,11,0.351,0.659,58.4,tablet,grocery,occasional_browser,3,Occasional Browser
CUST01480,14.8,108.46,17.0,17,0.049,0.069,7.0,mobile,fashion,high_value,0,Frequent Buyer
CUST01481,16.6,35.0,22.5,25,0.172,0.125,1.9,tablet,grocery,frequent_buyer,2,Discount-Driven Shopper
CUST01482,2.5,25.15,36.3,13,0.276,0.633,37.4,mobile,beauty,occasional_browser,3,Occasional Browser
CUST01483,10.4,145.17,24.7,14,0.112,0.11,7.3,mobile,electronics,high_value,0,Frequent Buyer
CUST01484,17.6,47.63,31.9,20,0.235,0.103,4.5,desktop,fashion,frequent_buyer,2,Discount-Driven Shopper
CUST01485,1.3,35.23,25.1,12,0.122,0.716,43.4,desktop,home,occasional_browser,3,Occasional Browser
CUST01486,8.5,26.66,39.3,15,0.728,0.418,5.3,desktop,fashion,discount_driven,1,High-Value Customer
CUST01487,11.6,122.09,14.4,14,0.083,0.136,6.5,mobile,grocery,high_value,0,Frequent Buyer
CUST01488,13.6,50.3,15.6,19,0.075,0.056,0.7,mobile,fashion,frequent_buyer,2,Discount-Driven Shopper
CUST01489,11.0,117.6,31.6,17,0.141,0.188,10.5,desktop,grocery,high_value,0,Frequent Buyer
CUST01490,19.5,21.19,21.3,15,0.098,0.099,0.2,tablet,fashion,frequent_buyer,2,Discount-Driven Shopper
CUST01491,10.4,20.46,13.9,16,0.783,0.329,14.0,tablet,grocery,discount_driven,1,High-Value Customer
CUST01492,1.2,28.69,32.8,12,0.158,0.804,42.9,mobile,electronics,occasional_browser,3,Occasional Browser
CUST01493,14.4,43.31,27.0,21,0.058,0.109,2.2,mobile,grocery,frequent_buyer,2,Discount-Driven Shopper
CUST01494,7.1,20.45,19.9,18,0.602,0.356,9.3,desktop,electronics,discount_driven,1,High-Value Customer
CUST01495,3.1,13.5,32.9,19,0.824,0.538,24.1,mobile,home,discount_driven,1,High-Value Customer
CUST01496,9.0,14.78,38.2,12,0.745,0.354,8.5,desktop,electronics,discount_driven,1,High-Value Customer
CUST01497,9.7,85.98,17.6,17,0.062,0.137,4.7,mobile,grocery,high_value,0,Frequent Buyer
CUST01498,0.7,38.47,52.0,14,0.177,0.553,34.2,mobile,grocery,occasional_browser,3,Occasional Browser
CUST01499,10.8,96.66,15.9,16,0.068,0.084,6.6,tablet,fashion,high_value,0,Frequent Buyer
CUST01500,7.9,17.74,32.9,16,0.85,0.526,13.4,mobile,fashion,discount_driven,1,High-Value Customer
